Country,Latitude,Longitude,HDI,GDP per Capita,Cropland Footprint,Grazing Footprint,Forest Footprint,Carbon Footprint,Fish Footprint,Total Ecological Footprint,Cropland,Grazing Land,Forest Land,Fishing Water,Urban Land,Total Biocapacity,Biocapacity Deficit or Reserve,Earths Required,2000,2001,2002,2003,2004,2005,2006,2007,2008,2009,2010,2011,2012,2013,2014,2015,2016
Afghanistan,33,65,0.46,$614.66 ,0.3,0.2,0.08,0.18,0,0.79,0.24,0.2,0.02,0,0.04,0.5,-0.3,0.46,20093756,20966463,21979923,23064851,24118979,25070798,25893450,26616792,27294031,28004331,28803167,29708599,30696958,31731688,32758020,33736494,34656032
Angola,-12.5,18.5,0.52,"$4,665.91 ",0.33,0.15,0.12,0.2,0.09,0.93,0.2,1.42,0.64,0.26,0.04,2.55,1.61,0.54,16440924,16983266,17572649,18203369,18865716,19552542,20262399,20997687,21759420,22549547,23369131,24218565,25096150,25998340,26920466,27859305,28813463
Albania,41,20,0.73,"$4,534.37 ",0.78,0.22,0.25,0.87,0.02,2.21,0.55,0.21,0.29,0.07,0.06,1.18,-1.03,1.27,3089027,3060173,3051010,3039616,3026939,3011487,2992547,2970017,2947314,2927519,2913021,2905195,2900401,2895092,2889104,2880703,2876101
Algeria,28,3,0.73,"$5,430.57 ",0.6,0.16,0.17,1.14,0.01,2.12,0.24,0.27,0.03,0.01,0.03,0.59,-1.53,1.22,31183660,31592153,31995046,32403514,32831096,33288437,33777915,34300076,34860715,35465760,36117637,36819558,37565847,38338562,39113313,39871528,40606052
Argentina,-34,-64,0.83,"$13,540.00 ",0.78,0.79,0.29,1.08,0.1,3.14,2.64,1.86,0.66,1.67,0.1,6.92,3.78,1.82,37057452,37471509,37889370,38309379,38728696,39145488,39558890,39970224,40382389,40799407,41223889,41656879,42096739,42539925,42981515,43417765,43847430
Armenia,40,45,0.73,"$3,426.39 ",0.74,0.18,0.34,0.89,0.01,2.23,0.44,0.26,0.1,0.02,0.07,0.89,-1.35,1.29,3069588,3050655,3033897,3017806,3000612,2981259,2958500,2933056,2908220,2888584,2877311,2875581,2881922,2893509,2906220,2916950,2924816
Australia,-27,133,0.93,"$66,604.20 ",2.68,0.63,0.89,4.85,0.11,9.31,5.42,5.81,2.01,3.19,0.14,16.57,7.26,5.37,19153000,19413000,19651400,19895400,20127400,20394800,20697900,20827600,21249200,21691700,22031750,22340024,22728254,23117353,23460694,23789338,24127159
Austria,47.33,13.33,0.88,"$51,274.10 ",0.82,0.27,0.63,4.14,0.06,6.06,0.71,0.16,2.04,0,0.15,3.07,-3,3.5,8011566,8042293,8081957,8121423,8171966,8227829,8268641,8295487,8321496,8343323,8363404,8391643,8429991,8479375,8541575,8633169,8747358
Azerbaijan,40.5,47.5,0.75,"$7,106.04 ",0.66,0.22,0.11,1.25,0.01,2.31,0.46,0.2,0.11,0.02,0.06,0.85,-1.46,1.33,8048600,8111200,8171950,8234100,8306500,8391850,8484550,8581300,8763400,8947243,9054332,9173082,9295784,9416801,9535079,9649341,9762274
Bahamas,24.25,-76,0.78,"$22,647.30 ",0.97,1.05,0.19,4.46,0.14,6.84,0.05,0,1.18,8.27,0.04,9.55,2.71,3.95,297890,303135,309157,315746,322526,329249,335830,342328,348676,354856,360832,366568,372039,377240,382169,386838,391232
Bahrain,26,50.55,0.82,"$24,299.00 ",0.52,0.45,0.16,6.19,0.07,7.49,0.01,0,0,0.46,0.1,0.58,-6.91,4.33,664614,697549,735148,778711,829848,889168,958414,1035891,1114590,1185029,1240862,1278269,1300217,1315411,1336397,1371855,1425171
Bangladesh,24,90,0.56,$857.50 ,0.29,0,0.08,0.26,0.02,0.72,0.25,0,0,0.05,0.07,0.38,-0.35,0.42,131581243,134107160,136600667,139019001,141307489,143431101,145368004,147139191,148805814,150454708,152149102,153911916,155727053,157571292,159405279,161200886,162951560
Barbados,13.17,-59.53,0.79,"$15,722.80 ",0.56,0.24,0.14,3.28,0.22,4.48,0.08,0,0.02,0.04,0.04,0.19,-4.29,2.58,269847,270685,271478,272258,273091,274009,275039,276150,277319,278470,279569,280601,281585,282509,283385,284217,284996
Belarus,53,28,0.8,"$6,300.45 ",1.32,0.12,0.91,2.57,0.08,5.09,1.52,0.3,1.71,0.02,0.09,3.64,-1.45,2.94,9979610,9928549,9865548,9796749,9730146,9663915,9604924,9560953,9527985,9506765,9490583,9473172,9464495,9465997,9474511,9489616,9507120
Belgium,50.83,4,0.89,"$48,053.30 ",1.15,0.48,0.99,4.43,0.12,7.44,0.56,0.03,0.28,0.04,0.27,1.19,-6.25,4.3,10251250,10286570,10332785,10376133,10421137,10478617,10547958,10625700,10709973,10796493,10895586,11047744,11128246,11182817,11209057,11274196,11348159
Benin,9.5,2.25,0.48,$746.83 ,0.49,0.04,0.26,0.51,0.08,1.41,0.44,0.04,0.34,0.02,0.04,0.88,-0.53,0.81,6865951,7076733,7295394,7520555,7750004,7982225,8216896,8454791,8696916,8944706,9199259,9460802,9729160,10004451,10286712,10575952,10872298
Bhutan,27.5,90.5,0.59,"$2,395.00 ",0.5,0.42,3.03,0.63,0.02,4.84,0.28,0.34,4.38,0.01,0.25,5.27,0.43,2.8,573416,589600,606399,623434,640282,656639,672228,686958,700950,714458,727641,740510,752967,764961,776448,787386,797765
Bolivia,-17,-65,0.65,"$2,253.09 ",0.37,1.69,0.17,0.67,0.01,2.96,0.59,2.18,13.86,0.05,0.06,16.73,13.77,1.71,8339512,8496375,8653345,8810420,8967741,9125409,9283334,9441444,9599855,9758748,9918242,10078343,10239004,10400264,10562159,10724705,10887882
Bosnia and Herzegovina,44,18,0.73,"$4,708.85 ",0.63,0.27,0.44,1.74,0.02,3.12,0.3,0.19,1.13,0,0.02,1.63,-1.49,1.8,3766706,3771284,3775807,3779247,3781287,3781530,3779468,3774000,3763599,3746561,3722084,3688865,3648200,3604999,3566002,3535961,3516816
Botswana,-22,24,0.69,"$7,743.50 ",0.3,0.89,0.24,2.36,0.01,3.83,0.06,2.49,0.63,0.27,0.02,3.47,-0.35,2.21,1728340,1754935,1779953,1804339,1829330,1855852,1884238,1914414,1946351,1979882,2014866,2051339,2089315,2128507,2168573,2209197,2250260
Brazil,-10,-55,0.75,"$13,237.60 ",0.62,0.85,0.6,0.91,0.04,3.11,1,1,6.82,0.17,0.09,9.08,5.97,1.8,175287587,177750670,180151021,182482149,184738458,186917361,189012412,191026637,192979029,194895996,196796269,198686688,200560983,202408632,204213133,205962108,207652865
Brunei Darussalam,4.5,114.67,0.85,"$47,097.40 ",0.31,0.13,0.26,3.24,0.09,4.06,0.02,0.01,1.57,1.24,0.03,2.87,-1.19,2.34,333241,340117,346867,353389,359523,365158,370250,374864,379252,383772,388662,394013,399748,405716,411704,417542,423196
Bulgaria,43,25,0.78,"$7,615.28 ",0.6,0.13,0.35,2.08,0.03,3.32,1.33,0.08,1.2,0.12,0.13,2.86,-0.46,1.92,8170172,8009142,7837161,7775327,7716860,7658972,7601022,7545338,7492561,7444443,7395599,7348328,7305888,7265115,7223938,7177991,7127822
Burkina Faso,13,-2,0.39,$671.07 ,0.47,0.17,0.36,0.12,0.03,1.21,0.5,0.17,0.25,0,0.05,0.98,-0.22,0.7,11607942,11944587,12293100,12654621,13030569,13421930,13829177,14252021,14689726,15141099,15605217,16081904,16571216,17072723,17585977,18110624,18646433
Burundi,-3.5,30,0.39,$276.69 ,0.21,0.07,0.45,0.04,0,0.8,0.2,0.07,0.01,0.01,0.03,0.32,-0.48,0.46,6400706,6555829,6741569,6953113,7182451,7423289,7675338,7939573,8212264,8489031,8766930,9043508,9319710,9600186,9891790,10199270,10524117
Cameroon,6,12,0.5,"$1,271.21 ",0.54,0.1,0.21,0.19,0.08,1.17,0.55,0.1,0.92,0.08,0.05,1.69,0.52,0.68,15274234,15671927,16084886,16513822,16959081,17420795,17899562,18395389,18907008,19432541,19970495,20520447,21082383,21655715,22239904,22834522,23439189
Canada,60,-95,0.91,"$52,145.40 ",1.46,0.33,1.2,5,0.12,8.17,3.11,0.29,9.12,3.41,0.07,16.01,7.83,4.72,30769700,31081900,31362000,31676000,31995000,32312000,32570505,32887928,33245773,33628571,34005274,34342780,34750545,35155451,35544564,35848610,36286425
Cayman Islands,19.5,-80.5,0,$0.00 ,0.36,0.45,1.23,3.56,0.05,5.65,0,0.02,0.19,0.11,0,0.32,-5.33,3.26,41687,43316,44738,46028,47299,48622,50031,51483,52926,54279,55507,56579,57523,58371,59172,59963,60765
Central African Republic,7,21,0.37,$495.04 ,0.3,0.55,0.26,0.08,0.02,1.24,0.29,0.57,6.98,0,0.04,7.87,6.62,0.72,3754986,3832203,3907612,3981665,4055036,4127910,4201758,4275800,4345386,4404230,4448525,4476153,4490416,4499653,4515392,4546100,4594621
Chad,15,19,0.39,"$1,161.22 ",0.36,0.75,0.27,0.01,0.01,1.46,0.35,1.15,0.41,0.07,0.05,2.03,0.57,0.84,8342559,8663012,9001689,9353201,9710043,10067009,10421597,10775708,11133861,11502786,11887202,12288651,12705135,13133589,13569438,14009413,14452543
Chile,-30,-71,0.83,"$14,525.80 ",0.61,0.33,0.99,2.04,0.25,4.36,0.47,0.45,2.19,0.38,0.15,3.63,-0.73,2.52,15262754,15444969,15623635,15799542,15973778,16147064,16319792,16491687,16661942,16829442,16993354,17153357,17309746,17462982,17613798,17762681,17909754
China,35,105,0.72,"$5,560.94 ",0.55,0.13,0.19,2.32,0.08,3.38,0.46,0.1,0.22,0.04,0.12,0.94,-2.44,1.95,1262645000,1271850000,1280400000,1288400000,1296075000,1303720000,1311020000,1317885000,1324655000,1331260000,1337705000,1344130000,1350695000,1357380000,1364270000,1371220000,1378665000
Colombia,4,-72,0.72,"$7,305.22 ",0.35,0.58,0.16,0.67,0.03,1.87,0.22,1.13,2.09,0.07,0.09,3.6,1.72,1.08,40403958,40988909,41572491,42152151,42724163,43285634,43835722,44374572,44901544,45416181,45918097,46406646,46881475,47342981,47791911,48228697,48653419
Comoros,-12.17,44.25,0.5,$860.24 ,0.33,0.03,0.18,0.25,0.25,1.03,0.23,0.01,0.02,0.07,0,0.32,-0.7,0.59,542357,555888,569479,583211,597228,611627,626425,641620,657229,673252,689692,706569,723868,741500,759385,777424,795601
Congo,-1,15,0.57,"$1,943.69 ",0.22,0.09,0.38,0.47,0.1,1.29,0.13,3.06,7.33,0.35,0.03,10.91,9.63,0.74,3225727,3315806,3407180,3502519,3605439,3718243,3842365,3976246,4115435,4253712,4386693,4512730,4633363,4751393,4871101,4995648,5125821
"Congo, Democratic Republic of",0,25,0.42,$338.63 ,0.15,0.01,0.51,0.07,0.01,0.82,0.13,0.32,2.52,0.05,0.05,3.07,2.25,0.47,47076387,48394338,49835756,51390033,53034217,54751476,56543011,58417562,60373608,62409435,64523263,66713597,68978682,71316033,73722860,76196619,78736153
Costa Rica,10,-84,0.76,"$8,979.96 ",0.4,0.21,0.68,1.37,0.08,2.84,0.38,0.3,0.63,0.12,0.1,1.53,-1.31,1.64,3925443,3996798,4063204,4125971,4187038,4247841,4308794,4369469,4429508,4488263,4545280,4600474,4654122,4706401,4757575,4807852,4857274
Cote d'Ivoire,8,-5,0,"$1,016.83 ",0.51,0.06,0.22,0.26,0.14,1.27,0.88,0.3,0.48,0.04,0.08,1.78,0.51,0.74,16686561,17040152,17366517,17679355,17997738,18336303,18699435,19085941,19497986,19936366,20401331,20895311,21418603,21966312,22531350,23108472,23695919
Croatia,45.17,15.5,0.82,"$14,522.80 ",0.74,0.13,0.72,2.21,0.06,3.92,0.68,0.19,1.55,0.33,0.06,2.8,-1.12,2.27,4426000,4440000,4440000,4440000,4439000,4442000,4440000,4436000,4434508,4429078,4417781,4280622,4267558,4255689,4238389,4203604,4170600
Cuba,21.5,-80,0.77,"$5,175.94 ",0.48,0.11,0.09,1.23,0.02,1.95,0.26,0.09,0.23,0.16,0.03,0.76,-1.19,1.13,11150736,11186542,11217998,11244885,11266941,11284253,11296233,11303687,11309754,11318602,11333051,11354651,11382146,11412167,11439767,11461432,11475982
Cyprus,35,33,0.85,"$31,454.70 ",0.77,0.08,0.23,2.94,0.14,4.21,0.18,0,0.06,0.06,0.05,0.34,-3.87,2.43,943286,960282,976966,993563,1010410,1027658,1045509,1063712,1081563,1098076,1112607,1124835,1135062,1143896,1152309,1160985,1170125
Czech Republic,49.75,15.5,0.87,"$21,676.30 ",0.62,0.24,0.74,3.42,0.03,5.19,0.94,0.07,1.31,0,0.13,2.46,-2.73,3,10255063,10216605,10196916,10193998,10197101,10211216,10238905,10298828,10384603,10443936,10474410,10496088,10510785,10514272,10525347,10546059,10561633
Denmark,56,10,0.92,"$61,413.60 ",1.18,0.47,0.77,2.6,0.24,5.51,2.38,0.01,0.34,1.8,0.25,4.78,-0.73,3.18,5339616,5358783,5375931,5390574,5404523,5419432,5437272,5461438,5493621,5523095,5547683,5570572,5591572,5614932,5643475,5683483,5731118
Dominica,15.42,-61.33,0.72,"$7,088.01 ",0.64,0.15,0.14,1.47,0.17,2.57,0.4,0.01,0.52,0.1,0,1.03,-1.54,1.49,69676,69670,69824,70093,70379,70627,70807,70950,71074,71229,71440,71718,72044,72400,72778,73162,73543
Dominican Republic,19,-70.67,0.71,"$6,085.89 ",0.35,0.12,0.12,0.86,0.04,1.53,0.22,0.11,0.16,0.02,0.05,0.56,-0.97,0.88,8562622,8697126,8832285,8967760,9102998,9237566,9371338,9504353,9636520,9767758,9897985,10027095,10154950,10281296,10405844,10528394,10648791
Ecuador,-2,-77.5,0.73,"$5,192.88 ",0.3,0.3,0.24,1.08,0.18,2.17,0.32,0.3,1.41,0.11,0.06,2.2,0.03,1.25,12628596,12852755,13072060,13289601,13509647,13735233,13967480,14205453,14447562,14691275,14934690,15177355,15419666,15661547,15903112,16144368,16385068
Egypt,27,30,0.69,"$2,930.33 ",0.68,0.08,0.17,1.02,0.04,2.15,0.38,0,0,0.02,0.15,0.56,-1.59,1.24,69905988,71226940,72590118,73981942,75381899,76778149,78159048,79537253,80953881,82465022,84107606,85897561,87813257,89807433,91812566,93778172,95688681
El Salvador,13.83,-88.92,0.66,"$3,696.33 ",0.44,0.21,0.4,0.84,0.14,2.07,0.27,0.15,0.04,0.11,0.05,0.61,-1.46,1.2,5867626,5905962,5940303,5971535,6000775,6028961,6056478,6083475,6110301,6137276,6164626,6192560,6221246,6250777,6281189,6312478,6344722
Equatorial Guinea,2,10,0.58,"$24,064.00 ",0.27,0.02,0.26,3.17,0.22,3.97,0.13,0.15,3.1,1.01,0.02,4.4,0.44,2.29,614323,639762,666407,694611,724817,757317,792217,829327,868418,909111,951104,994290,1038593,1083746,1129424,1175389,1221490
Ethiopia,8,38,0.43,$379.38 ,0.31,0.12,0.46,0.07,0,1.02,0.31,0.12,0.05,0.04,0.06,0.58,-0.44,0.59,66537331,68492257,70497192,72545144,74624405,76727083,78850689,81000409,83184892,85416253,87702670,90046756,92444183,94887724,97366774,99873033,102403196
Fiji,-18,175,0.72,"$4,201.37 ",0.55,0.2,0.42,1.06,0.62,2.9,0.28,0.09,1.3,0.65,0.04,2.37,-0.52,1.67,811223,814218,815691,816628,818354,821817,827411,834812,843340,851967,859950,867086,873596,879715,885806,892149,898760
France,46,2,0.89,"$45,430.30 ",1.23,0.27,0.53,2.71,0.19,5.14,1.67,0.16,0.96,0.11,0.21,3.11,-2.04,2.97,60912498,61357431,61805267,62244884,62704897,63179356,63621376,64016229,64374990,64707044,65027512,65342776,65659790,65998570,66331957,66624068,66896109
French Polynesia,-15,-140,0,$0.00 ,0.75,0.65,0.12,2.39,0.82,4.73,0.19,0.03,0.73,0.42,0,1.37,-3.36,2.73,237258,241273,245006,248499,251775,254886,257832,260594,263179,265581,267820,269843,271703,273528,275484,277690,280208
Gabon,-1,11.75,0.67,"$11,989.00 ",0.53,0.13,0.79,0.43,0.11,2.02,0.25,3.6,19.5,2.93,0.03,26.31,24.29,1.16,1231122,1262259,1294409,1328146,1364205,1403126,1444844,1489193,1536411,1586754,1640210,1697101,1756817,1817271,1875713,1930175,1979786
Gambia,13.47,-16.57,0.44,$505.76 ,0.46,0.05,0.2,0.21,0.08,1.03,0.23,0.04,0.2,0.32,0.03,0.82,-0.21,0.6,1231844,1270495,1311349,1354194,1398573,1444204,1491021,1539116,1588572,1639560,1692149,1746363,1802125,1859324,1917852,1977590,2038501
Georgia,42,43.5,0.75,"$3,710.70 ",0.39,0.2,0.1,0.83,0.02,1.58,0.12,0.36,0.61,0.05,0.04,1.17,-0.41,0.91,4418300,4386400,4357000,4301000,4245000,4190000,4136000,4082000,4030000,3978000,3926000,3875000,3825000,3776000,3727000,3717100,3719300
Germany,51,9,0.91,"$46,822.40 ",1.1,0.14,0.48,3.28,0.05,5.3,1.23,0.06,0.68,0.07,0.24,2.27,-3.02,3.06,82211508,82349925,82488495,82534176,82516260,82469422,82376451,82266372,82110097,81902307,81776930,80274983,80425823,80645605,80982500,81686611,82667685
Ghana,8,-2,0.57,"$1,627.90 ",0.56,0.07,0.65,0.43,0.19,1.97,0.67,0.26,0.29,0.06,0.07,1.35,-0.62,1.14,18938762,19421605,19924522,20446782,20986536,21542009,22113425,22700212,23298640,23903831,24512104,25121796,25733049,26346251,26962563,27582821,28206728
Greece,39,22,0.86,"$25,987.40 ",1.07,0.35,0.24,2.58,0.08,4.38,1.01,0.14,0.23,0.17,0.06,1.61,-2.77,2.53,10805808,10862132,10902022,10928070,10955141,10987314,11020362,11048473,11077841,11107017,11121341,11104899,11045011,10965211,10892413,10820883,10746740
Guatemala,15.5,-90.25,0.62,"$3,233.80 ",0.37,0.16,0.58,0.7,0.01,1.89,0.38,0.15,0.34,0.05,0.07,0.99,-0.9,1.09,11650743,11924946,12208848,12500478,12796925,13096028,13397008,13700286,14006366,14316208,14630417,14948919,15271056,15596214,15923559,16252429,16582469
Guinea,11,-10,0.41,$459.09 ,0.39,0.32,0.45,0.16,0.05,1.41,0.35,0.75,0.64,0.3,0.04,2.09,0.68,0.81,8808546,8971139,9137345,9309848,9490229,9679745,9881428,10096727,10323142,10556524,10794170,11035170,11281469,11536615,11805509,12091533,12395924
Guinea-Bissau,12,-15,0.42,$681.25 ,0.35,0.36,0.67,0.09,0.01,1.53,0.48,0.36,0.34,1.79,0.06,3.03,1.49,0.89,1243229,1267512,1293523,1321202,1350345,1380838,1412669,1445958,1480841,1517448,1555880,1596154,1638139,1681495,1725744,1770526,1815698
Guyana,5,-59,0.63,"$3,269.46 ",0.7,0.22,0.77,1.25,0.06,3.07,0.69,1.51,59.19,5.12,0.06,66.58,63.51,1.77,753301,752263,751884,751857,751652,750946,749601,747869,746314,745693,746556,749100,753091,758081,763393,768514,773303
Haiti,19,-72.42,0.48,$749.13 ,0.27,0.04,0.1,0.15,0.01,0.61,0.18,0.03,0.01,0.01,0.03,0.27,-0.34,0.35,8549200,8692567,8834733,8976552,9119178,9263404,9409457,9556889,9705029,9852870,9999617,10145054,10289210,10431776,10572466,10711061,10847334
Honduras,15,-86.5,0.61,"$2,269.51 ",0.28,0.25,0.5,0.6,0,1.68,0.33,0.26,0.89,0.23,0.06,1.77,0.09,0.97,6524283,6693061,6863157,7033821,7204153,7373430,7541406,7707972,7872658,8035021,8194778,8351600,8505646,8657785,8809216,8960829,9112867
Hungary,47,20,0.82,"$13,964.20 ",0.42,0.08,0.36,1.9,0.02,2.92,1.28,0.06,0.69,0,0.13,2.17,-0.75,1.69,10210971,10187576,10158608,10129552,10107146,10087065,10071370,10055780,10038188,10022650,10000023,9971727,9920362,9893082,9866468,9843028,9817958
India,20,77,0.6,"$1,513.85 ",0.34,0.01,0.14,0.61,0.02,1.16,0.35,0,0.02,0.03,0.05,0.45,-0.71,0.67,1053050912,1071477855,1089807112,1108027848,1126135777,1144118674,1161977719,1179681239,1197146906,1214270132,1230980691,1247236029,1263065852,1278562207,1293859294,1309053980,1324171354
Indonesia,-5,120,0.68,"$3,688.53 ",0.44,0.03,0.2,0.64,0.21,1.58,0.46,0.06,0.3,0.38,0.06,1.26,-0.32,0.91,211540429,214506502,217508059,220545214,223614649,226712730,229838202,232989141,236159276,239340478,242524123,245707511,248883232,252032263,255131116,258162113,261115456
"Iran, Islamic Republic of",32,53,0.76,"$7,511.10 ",0.69,0.09,0.07,1.72,0.12,2.79,0.48,0.07,0.06,0.19,0.09,0.9,-1.89,1.61,66131854,67096414,67983330,68812713,69617100,70421811,71227880,72031103,72845542,73687565,74567511,75491582,76453574,77435384,78411092,79360487,80277428
Iraq,33,44,0.65,"$5,848.54 ",0.43,0.03,0.01,1.36,0.01,1.88,0.18,0.02,0.05,0,0.04,0.29,-1.59,1.09,23565413,24251649,24939299,25627626,26316609,27008426,27697912,28390433,29111417,29894652,30762701,31727053,32776571,33883145,35006080,36115649,37202572
Ireland,53,-8,0.91,"$52,853.60 ",1.08,0.49,0.46,3.22,0.18,5.57,0.84,0.76,0.5,1.49,0.13,3.73,-1.83,3.21,3805174,3866243,3931947,3996521,4070262,4159914,4273591,4398942,4489544,4535375,4560155,4576794,4586897,4598294,4617225,4676835,4773095
Israel,31.5,34.75,0.89,"$33,718.90 ",0.89,0.22,0.36,4.59,0.07,6.22,0.22,0.01,0.03,0.02,0.08,0.35,-5.87,3.59,6289000,6439000,6570000,6689700,6809000,6930100,7053700,7180100,7308800,7485600,7623600,7765800,7910500,8059500,8215700,8380100,8547100
Italy,42.83,12.83,0.87,"$38,412.00 ",0.91,0.32,0.42,2.77,0.12,4.61,0.58,0.04,0.33,0.06,0.06,1.08,-3.53,2.66,56942108,56974100,57059007,57313203,57685327,57969484,58143979,58438310,58826731,59095365,59277417,59379449,59539717,60233948,60789140,60730582,60600590
Jamaica,18.25,-77.5,0.72,"$5,226.30 ",0.41,0.09,0.18,1.09,0.07,1.89,0.16,0,0.1,0.11,0.05,0.43,-1.46,1.09,2656864,2677011,2695446,2712511,2728777,2744673,2760279,2775467,2790122,2804082,2817210,2829493,2840992,2851807,2862087,2871934,2881355
Japan,36,138,0.89,"$46,201.60 ",0.53,0.1,0.27,3.69,0.33,5.02,0.16,0,0.35,0.1,0.1,0.72,-4.3,2.9,126843000,127149000,127445000,127718000,127761000,127773000,127854000,128001000,128063000,128047000,128070000,127833000,127629000,127445000,127276000,127141000,126994511
Jordan,31,36,0.75,"$4,615.17 ",0.54,0.18,0.17,1.09,0.03,2.1,0.09,0.02,0.03,0,0.07,0.21,-1.89,1.21,5103130,5193482,5287488,5396774,5535595,5714111,5934232,6193191,6489822,6821116,7182390,7574943,7992573,8413464,8809306,9159302,9455802
Kazakhstan,48,68,0.78,"$11,278.00 ",0.58,0.19,0.12,4.59,0.03,5.55,1.14,1.93,0.24,0.06,0.03,3.41,-2.14,3.2,14883626,14858335,14858948,14909018,15012985,15147029,15308084,15484192,15674000,16092701,16321581,16556600,16791425,17035275,17289224,17544126,17797032
Kenya,1,38,0.54,"$1,062.11 ",0.25,0.23,0.27,0.2,0.05,1.03,0.2,0.24,0.02,0.02,0.04,0.51,-0.52,0.6,31450483,32321482,33214009,34130852,35074931,36048288,37052050,38085909,39148416,40237204,41350152,42486839,43646629,44826849,46024250,47236259,48461567
"Korea, Democratic People's Republic of",40,127,0,$0.00 ,0.28,0,0.14,0.68,0.02,1.17,0.24,0,0.21,0.09,0.06,0.6,-0.57,0.67,22929075,23131810,23336681,23538540,23729498,23904167,24061097,24203289,24335146,24463021,24591599,24722298,24854034,24985976,25116363,25243917,25368620
"Korea, Republic of",37,127.5,0.89,"$24,155.80 ",0.71,0.12,0.21,4.17,0.41,5.69,0.13,0,0.09,0.4,0.06,0.68,-5.01,3.29,47008111,47370164,47644736,47892330,48082519,48184561,48438292,48683638,49054708,49307835,49554112,49936638,50199853,50428893,50746659,51014947,51245707
Kuwait,29.34,47.66,0.82,"$41,830.50 ",0.55,0.24,0.21,6.89,0.09,8.13,0.02,0.01,0,0.37,0.15,0.55,-7.58,4.7,2050741,2109355,2143833,2169118,2207939,2276623,2377258,2503410,2652340,2818939,2998083,3191051,3395556,3598385,3782450,3935794,4052584
Kyrgyzstan,41,75,0.65,"$1,116.37 ",0.59,0.18,0.09,0.95,0.01,1.91,0.47,0.63,0.06,0.05,0.08,1.3,-0.61,1.1,4898400,4945100,4990700,5043300,5104700,5162600,5218400,5268400,5318700,5383300,5447900,5514600,5607200,5719600,5835500,5956900,6082700
Lao People's Democratic Republic,18,105,0.56,"$1,236.24 ",0.57,0.08,0.36,0.09,0.01,1.22,0.57,0.13,0.78,0.03,0.11,1.62,0.4,0.7,5329304,5414568,5497273,5579656,5664605,5754026,5849356,5949787,6052190,6152036,6246274,6333487,6415169,6494557,6576397,6663967,6758353
Latvia,57,25,0.81,"$13,732.00 ",2.28,0.09,2.02,1.66,0.11,6.29,3.1,0.31,4.08,1.93,0.13,9.55,3.26,3.63,2367550,2337170,2310173,2287955,2263122,2238799,2218357,2200325,2177322,2141669,2097555,2059709,2034319,2012647,1993782,1977527,1960424
Lebanon,33.83,35.83,0.76,"$9,143.86 ",0.67,0.3,0.25,2.52,0.05,3.84,0.16,0.04,0.06,0.01,0.06,0.33,-3.51,2.22,3235366,3359859,3522837,3701464,3863267,3986852,4057350,4086466,4111047,4183156,4337141,4588368,4916404,5276102,5603279,5851479,6006668
Lesotho,-29.5,28.5,0.48,"$1,338.42 ",0.22,0.49,0.42,0.51,0,1.66,0.04,0.74,0,0,0.01,0.78,-0.87,0.96,1868699,1885955,1902312,1918097,1933728,1949543,1965662,1982287,1999930,2019209,2040551,2064166,2089928,2117361,2145785,2174645,2203821
Liberia,6.5,-9.5,0.42,$397.38 ,0.23,0.03,0.75,0.14,0.03,1.21,0.15,0.61,1.45,0.32,0.03,2.57,1.35,0.7,2884522,2991132,3062863,3116233,3176414,3261230,3375838,3512932,3662993,3811528,3948125,4070167,4181563,4286291,4390737,4499621,4613823
Libya,25,17,0.74,"$5,859.43 ",0.79,0.32,0.14,2.33,0.1,3.69,0.17,0.23,0.02,0.25,0.02,0.7,-3,2.13,5355751,5440566,5527515,5615952,5704759,5792688,5881435,5970362,6053078,6121053,6169140,6193501,6198258,6195970,6204108,6234955,6293253
Lithuania,56,24,0.83,"$14,373.70 ",1.89,0.21,1.28,2.15,0.16,5.83,3.03,0.11,2.09,0.3,0.15,5.67,-0.17,3.37,3499536,3470818,3443067,3415213,3377075,3322528,3269909,3231294,3198231,3162916,3097282,3028115,2987773,2957689,2932367,2904910,2872298
Luxembourg,49.75,6.17,0.89,"$114,665.00 ",1.1,0.76,1.03,12.65,0.13,15.82,0.57,0.08,0.89,0,0.14,1.68,-14.14,9.14,436300,441525,446175,451630,458095,465158,472637,479993,488650,497783,506953,518347,530946,543360,556319,569604,582972
Macedonia ,41.83,22,0.74,"$5,174.89 ",0.62,0.21,0.31,2.06,0.03,3.26,0.38,0.17,0.92,0.02,0.02,1.51,-1.75,1.88,2034819,2042842,2048928,2053426,2057047,2060272,2063145,2065458,2067378,2069093,2070739,2072383,2074036,2075739,2077495,2079308,2081206
Madagascar,-20,47,0.51,$456.33 ,0.27,0.34,0.24,0.07,0.02,0.99,0.26,1.3,0.8,0.21,0.06,2.63,1.64,0.57,15766806,16260932,16765117,17279141,17802997,18336724,18880268,19433523,19996469,20569121,21151640,21743949,22346573,22961146,23589801,24234088,24894551
Malawi,-13.5,34,0.43,$493.84 ,0.43,0.05,0.2,0.07,0.01,0.81,0.45,0.07,0.02,0.06,0.05,0.66,-0.15,0.47,11376172,11695863,12013711,12336687,12676038,13039711,13429262,13840969,14271234,14714602,15167095,15627618,16097305,16577147,17068838,17573607,18091575
Malaysia,2.5,112.5,0.77,"$10,252.60 ",0.67,0.12,0.38,2.1,0.36,3.71,0.75,0.01,0.73,0.84,0.07,2.41,-1.3,2.14,23185608,23698907,24198811,24688703,25174109,25659393,26143566,26625845,27111069,27605383,28112289,28635128,29170456,29706724,30228017,30723155,31187265
Mali,17,-4,0.41,$741.22 ,0.52,0.66,0.17,0.1,0.03,1.53,0.51,0.71,0.25,0.05,0.06,1.58,0.05,0.88,10967690,11293258,11638929,12005128,12391906,12798763,13227064,13675606,14138216,14606597,15075085,15540989,16006670,16477818,16962846,17467905,17994837
Mauritania,20,-12,0.5,"$1,524.39 ",0.39,1.2,0.21,0.55,0.15,2.54,0.1,2.91,0.05,1.38,0.04,4.48,1.93,1.47,2709359,2790729,2873228,2957117,3042823,3130720,3220653,3312665,3407541,3506288,3609543,3717672,3830239,3946170,4063920,4182341,4301018
Mauritius,-20.28,57.55,0.77,"$8,811.15 ",0.52,0.22,0.18,1.99,0.55,3.46,0.14,0,0.01,0.56,0,0.71,-2.75,2,1186873,1196287,1204621,1213370,1221003,1228254,1233996,1239630,1244121,1247429,1250400,1252404,1255882,1258653,1260934,1262605,1263473
Mexico,23,-102,0.75,"$10,123.90 ",0.55,0.24,0.25,1.74,0.06,2.89,0.37,0.24,0.47,0.14,0.05,1.27,-1.62,1.67,101719673,103067068,104355608,105640453,106995583,108472228,110092378,111836346,113661809,115505228,117318941,119090017,120828307,122535969,124221600,125890949,127540423
Moldova,47,29,0.68,"$1,971.03 ",0.43,0.08,0.15,1.03,0.06,1.78,0.59,0.07,0.1,0.01,0.03,0.8,-0.98,1.03,3639592,3631462,3623062,3612874,3603945,3595187,3585209,3576910,3570108,3565604,3562045,3559986,3559519,3558566,3556397,3554108,3552000
Mongolia,46,105,0.71,"$3,736.07 ",0.29,3.47,0.17,2.09,0,6.08,0.21,8.23,7.03,0.14,0.05,15.66,9.58,3.51,2397436,2419776,2443659,2469286,2496832,2526446,2558012,2591670,2628131,2668289,2712650,2761516,2814226,2869107,2923896,2976877,3027398
Montenegro,42,19,0.8,"$7,251.60 ",0.64,0.33,0.62,2.13,0.05,3.78,0.14,0.22,2.63,0.24,0.01,3.24,-0.54,2.19,604950,607389,609828,612267,613353,614261,615025,615875,616969,618294,619428,620079,620601,621207,621810,622159,622781
Morocco,32,-5,0.62,"$3,149.43 ",0.6,0.17,0.14,0.67,0.06,1.68,0.34,0.17,0.1,0.07,0.03,0.71,-0.96,0.97,28849621,29181832,29512368,29843937,30179285,30521070,30869346,31225881,31596855,31989897,32409639,32858823,33333789,33824769,34318082,34803322,35276786
Mozambique,-18.25,35,0.41,$538.82 ,0.31,0.03,0.29,0.17,0.03,0.87,0.28,0.96,0.61,0.17,0.05,2.06,1.19,0.5,18067687,18588758,19139658,19716598,20312705,20923070,21547463,22188387,22846758,23524063,24221405,24939005,25676606,26434372,27212382,28010691,28829476
Myanmar,22,98,0.53,"$1,117.58 ",0.8,0.01,0.32,0.09,0.1,1.43,0.88,0,0.56,0.28,0.11,1.84,0.41,0.83,46095462,46627994,47140220,47624894,48073707,48482614,48846474,49171586,49479752,49800690,50155896,50553031,50986514,51448196,51924182,52403669,52885223
Namibia,-22,17,0.62,"$5,880.80 ",0.33,0.23,0.17,1.02,0.72,2.48,0.14,1.6,0.36,4.76,0.02,6.88,4.4,1.43,1899257,1933596,1962147,1986535,2009228,2032196,2055734,2079915,2106375,2137040,2173170,2215621,2263934,2316520,2370992,2425561,2479713
Nepal,28,84,0.54,$700.07 ,0.43,0.07,0.21,0.16,0,0.98,0.37,0.05,0.06,0.01,0.11,0.59,-0.38,0.56,23740911,24161777,24566342,24950623,25309449,25640287,25940618,26214847,26475859,26741103,27023137,27327147,27649925,27985310,28323241,28656282,28982771
Netherlands,52.5,5.75,0.92,"$53,589.90 ",0.76,0.58,0.38,3.23,0.16,5.28,0.45,0.04,0.08,0.43,0.17,1.17,-4.11,3.05,15925513,16046180,16148929,16225302,16281779,16319868,16346101,16381696,16445593,16530388,16615394,16693074,16754962,16804432,16865008,16939923,17018408
New Caledonia,-21.5,165.5,0,$0.00 ,0.68,0.62,0.18,1.78,0.32,3.58,0.07,0.31,1.94,5.35,0,7.67,4.09,2.07,213230,217324,221490,225000,228000,231000,235000,238000,242000,245000,250000,254000,259000,263000,268000,273000,278000
New Zealand,-41,174,0.91,"$37,488.30 ",0.63,0.23,1.08,2.84,0.7,5.6,0.51,2.7,5.95,0.86,0.13,10.14,4.54,3.23,3857700,3880500,3948500,4027200,4087500,4133900,4184600,4223800,4259800,4302600,4350700,4384000,4408100,4442100,4509700,4595700,4692700
Nicaragua,13,-85,0.63,"$1,626.85 ",0.34,0.12,0.42,0.45,0.03,1.39,0.4,0.58,0.74,0.49,0.05,2.25,0.87,0.8,5026796,5100750,5171734,5240879,5309703,5379328,5450211,5522106,5594506,5666581,5737723,5807820,5877108,5945747,6013997,6082035,6149928
Niger,16,8,0.34,$410.91 ,0.67,0.48,0.26,0.1,0.02,1.56,0.65,0.51,0.05,0,0.03,1.24,-0.32,0.9,11352973,11771976,12206002,12656870,13127012,13618449,14132064,14668338,15228525,15813913,16425578,17064636,17731634,18426372,19148219,19896965,20672987
Nigeria,10,8,0.5,"$2,612.12 ",0.53,0.1,0.19,0.21,0.08,1.16,0.5,0.12,0.02,0.02,0.05,0.7,-0.47,0.67,122352009,125463434,128666710,131972533,135393616,138939478,142614094,146417024,150347390,154402181,158578261,162877076,167297284,171829303,176460502,181181744,185989640
Oman,21,57,0.79,"$22,622.80 ",0.57,0.4,0.15,5.8,0.4,7.52,0.07,0.04,0,1.61,0.19,1.92,-5.6,4.34,2267991,2294787,2334285,2385255,2444751,2511269,2582991,2662762,2759014,2882942,3041460,3237268,3464644,3711481,3960925,4199810,4424762
Pakistan,30,70,0.53,"$1,218.60 ",0.27,0.01,0.08,0.38,0.02,0.79,0.26,0,0.01,0.04,0.03,0.35,-0.44,0.46,138523285,141601437,144654143,147703401,150780300,153909667,157093993,160332974,163644603,167049580,170560182,174184265,177911533,181712595,185546257,189380513,193203476
Panama,9,-80,0.77,"$8,410.77 ",0.36,0.4,0.19,1.44,0.37,2.79,0.14,0.43,1.74,0.6,0.02,2.94,0.15,1.61,3030347,3089684,3149265,3209174,3269541,3330465,3391905,3453807,3516268,3579385,3643222,3707782,3772938,3838462,3903986,3969249,4034119
Papua New Guinea,-6,147,0.5,"$1,871.21 ",0.3,0.05,0.36,0.35,0.73,1.91,0.36,0.04,2.66,0.73,0.13,3.92,2.01,1.1,5572222,5716152,5862316,6010724,6161517,6314709,6470272,6627922,6787187,6947447,7108239,7269348,7430836,7592865,7755785,7919825,8084991
Paraguay,-23,-58,0.67,"$3,557.31 ",1.11,1.1,0.83,0.97,0.01,4.16,2.51,2.28,5.54,0.05,0.14,10.52,6.36,2.4,5302700,5406624,5508611,5607950,5703740,5795494,5882796,5966159,6047117,6127837,6209877,6293783,6379219,6465740,6552584,6639119,6725308
Peru,-10,-76,0.73,"$5,684.73 ",0.5,0.51,0.19,0.67,0.33,2.28,0.36,0.51,2.82,0.2,0.07,3.97,1.69,1.32,25914879,26261363,26601467,26937738,27273194,27610410,27949944,28292724,28641980,29001507,29373646,29759989,30158966,30565716,30973354,31376671,31773839
Philippines,13,122,0.66,"$2,379.44 ",0.36,0.03,0.09,0.34,0.23,1.1,0.32,0.02,0.09,0.07,0.05,0.54,-0.56,0.64,77991569,79665315,81352060,83031954,84678493,86274237,87809419,89293490,90751864,92220879,93726624,95277940,96866642,98481032,100102249,101716359,103320222
Poland,52,20,0.84,"$13,769.50 ",0.84,0.04,0.78,2.64,0.05,4.44,1.05,0.07,0.77,0.11,0.09,2.08,-2.36,2.57,38258629,38248076,38230364,38204570,38182222,38165445,38141267,38120560,38125759,38151603,38042794,38063255,38063164,38040196,38011735,37986412,37948016
Portugal,39.5,-8,0.83,"$23,217.30 ",1.03,0.25,0.09,2.15,0.31,3.88,0.47,0.06,0.85,0.07,0.05,1.51,-2.37,2.24,10289898,10362722,10419631,10458821,10483861,10503330,10522288,10542964,10558177,10568247,10573100,10557560,10514844,10457295,10401062,10358076,10324611
Qatar,25.5,51.25,0.85,"$99,431.50 ",0.57,0.27,0.15,9.57,0.19,10.8,0.01,0,0,1.17,0.06,1.24,-9.56,6.24,592267,616886,645659,688586,758855,864863,1010382,1189633,1389342,1590780,1779676,1952054,2109568,2250473,2374419,2481539,2569804
Romania,46,25,0.79,"$9,213.94 ",0.72,0.05,0.33,1.46,0.03,2.71,0.87,0.11,1.14,0.08,0.12,2.32,-0.39,1.56,22442971,22131970,21730496,21574326,21451748,21319685,21193760,20882982,20537875,20367487,20246871,20147528,20058035,19983693,19908979,19815481,19705301
Russian Federation,60,100,0.79,"$13,320.20 ",0.77,0.15,0.67,3.87,0.19,5.69,0.85,0.34,4.38,1.19,0.03,6.79,1.1,3.29,146596557,145976083,145306046,144648257,144067054,143518523,143049528,142805088,142742350,142785342,142849449,142960868,143201676,143506911,143819666,144096870,144342396
Rwanda,-2,30,0.48,$628.08 ,0.43,0.05,0.25,0.07,0.01,0.87,0.42,0.05,0.01,0.01,0.05,0.54,-0.32,0.5,8025703,8329406,8536205,8680346,8818438,8991735,9206580,9447402,9708169,9977446,10246842,10516071,10788853,11065151,11345357,11629553,11917508
Saint Kitts and Nevis,17.33,-62.75,0.74,"$12,952.50 ",0.51,0.18,0.09,3.34,0.81,4.94,0.06,0.01,0.17,0.38,0,0.62,-4.31,2.85,45374,45990,46641,47306,47971,48611,49210,49783,50332,50886,51445,52006,52591,53169,53739,54288,54821
Saint Lucia,13.88,-61.13,0.73,"$7,737.20 ",0.38,0.1,0.17,1.56,0.23,2.45,0.1,0,0.1,0.14,0,0.34,-2.1,1.41,156949,158464,159763,160973,162251,163714,165407,167288,169220,171022,172580,173832,174835,175660,176421,177206,178015
Samoa,-13.58,-172.33,0.7,"$4,067.15 ",0.97,0.16,0.27,0.96,0.42,2.77,0.69,0.01,1.17,0.06,0,1.93,-0.85,1.6,174610,175566,176582,177662,178781,179929,181094,182286,183526,184826,186205,187665,189194,190757,192290,193759,195125
Sao Tome and Principe,1,7,0.55,"$1,384.53 ",0.36,0.02,0.27,0.37,0.47,1.49,0.25,0,0.22,0.4,0,0.87,-0.61,0.86,138606,141622,144889,148372,151969,155630,159328,163101,166913,170813,174776,178800,182889,187045,191266,195553,199910
Saudi Arabia,25,45,0.83,"$23,593.80 ",0.74,0.27,0.27,4.21,0.08,5.61,0.09,0.12,0.07,0.18,0.04,0.5,-5.12,3.24,20764312,21303592,21906308,22556425,23228890,23905654,24578301,25252569,25940770,26661492,27425676,28238020,29086357,29944476,30776722,31557144,32275687
Senegal,14,-14,0.46,"$1,079.27 ",0.34,0.21,0.21,0.3,0.12,1.21,0.21,0.17,0.46,0.17,0.02,1.05,-0.16,0.7,9884052,10134497,10396861,10670990,10955944,11251266,11556763,11873557,12203957,12550917,12916229,13300910,13703513,14120320,14546111,14976994,15411614
Serbia,44,21,0.76,"$6,426.18 ",0.49,0.02,0.46,1.66,0.02,2.7,0.73,0.02,0.46,0,0.04,1.25,-1.44,1.56,7516346,7503433,7496522,7480591,7463157,7440769,7411569,7381579,7350222,7320807,7291436,7234099,7199077,7164132,7130576,7095383,7057412
Sierra Leone,8.5,-11.5,0.4,$499.89 ,0.47,0.11,0.38,0.07,0.15,1.24,0.42,0.35,0.19,0.22,0.05,1.24,0,0.71,4564297,4739147,4957216,5199549,5439695,5658379,5848692,6015417,6165372,6310260,6458720,6611692,6766103,6922079,7079162,7237025,7396190
Singapore,1.37,103.8,0.91,"$53,122.40 ",0.67,0.24,0.91,5.91,0.22,7.97,0,0,0,0.01,0.03,0.05,-7.92,4.61,4027887,4138012,4175950,4114826,4166664,4265762,4401365,4588599,4839396,4987573,5076732,5183688,5312437,5399162,5469724,5535002,5607283
Slovakia,48.67,19.5,0.84,"$18,103.10 ",0.31,0.08,0.72,2.82,0.03,4.06,0.71,0.06,1.85,0,0.09,2.71,-1.35,2.35,5388720,5378867,5376912,5373374,5372280,5372807,5373054,5374622,5379233,5386406,5391428,5398384,5407579,5413393,5418649,5423801,5428704
Slovenia,46,15,0.88,"$25,040.50 ",0.64,0.17,0.65,4.27,0.05,5.81,0.37,0.07,1.87,0,0.04,2.35,-3.47,3.36,1988925,1992060,1994530,1995733,1997012,2000474,2006868,2018122,2021316,2039669,2048583,2052843,2057159,2059953,2061980,2063531,2064845
Solomon Islands,-8,159,0.5,"$1,647.86 ",0.47,0.03,0.09,0,0.46,1.29,0.66,0.01,2.28,1.19,0.23,4.36,3.08,0.74,412609,423853,435262,446769,458324,469885,481422,492940,504477,516079,527790,539614,551531,563513,575504,587482,599419
Somalia,10,49,0,$0.00 ,0.16,0.43,0.52,0.07,0.01,1.24,0.09,0.56,0.22,0.33,0.06,1.27,0.03,0.71,9011479,9290823,9564167,9836397,10116228,10409925,10718317,11038596,11369276,11707990,12053223,12404725,12763776,13132349,13513125,13908129,14317996
South Africa,-29,24,0.66,"$8,089.87 ",0.44,0.11,0.29,2.34,0.08,3.31,0.35,0.58,0.02,0.17,0.04,1.15,-2.16,1.91,44896856,45312937,45855482.88,46418193.9,47001700.99,47606670.24,48233804.48,48883844.99,49557573.3,50255813.11,50979432.36,51729345.36,52506515.08,53311955.61,54146734.74,55011976.68,55908865
Spain,40,-4,0.87,"$32,008.70 ",0.78,0.15,0.17,2.22,0.32,3.67,0.72,0.1,0.34,0.06,0.04,1.25,-2.42,2.12,40567864,40850412,41431558,42187645,42921895,43653155,44397319,45226803,45954106,46362946,46576897,46742697,46773055,46620045,46480882,46447697,46443959
Sri Lanka,7,81,0.75,"$2,880.03 ",0.31,0.01,0.16,0.52,0.27,1.32,0.26,0.02,0.04,0.07,0.05,0.44,-0.88,0.77,18655000,18797000,18939000,19083000,19228000,19373000,19520000,19668000,19817000,19968000,20119000,20271000,20425000,20585000,20771000,20966000,21203000
Suriname,4,-56,0.71,"$8,190.70 ",0.43,0.06,0.52,3.01,0.14,4.25,0.3,0.03,81.52,7.39,0.09,89.33,85.08,2.46,472390,477740,483044,488332,493630,498946,504307,509705,515148,520619,526103,531589,537077,542540,547928,553208,558368
Swaziland,-26.5,31.5,0.53,"$4,657.48 ",0.35,0.41,0.52,0.67,0.01,2.01,0.25,0.51,0.05,0,0.06,0.88,-1.14,1.16,1061468,1072927,1080930,1087392,1095053,1105873,1120514,1138434,1158897,1180675,1202843,1225258,1248158,1271456,1295097,1319011,1343098
Sweden,62,15,0.9,"$59,381.90 ",1.47,0.27,1.3,3.88,0.09,7.25,1.31,0.22,6.66,2.19,0.24,10.62,3.38,4.19,8872109,8895960,8924958,8958229,8993531,9029572,9080505,9148092,9219637,9298515,9378126,9449213,9519374,9600379,9696110,9799186,9903122
Switzerland,47,8,0.93,"$88,506.20 ",0.75,0.22,0.38,4.26,0.07,5.79,0.32,0.12,0.74,0.01,0.12,1.3,-4.48,3.34,7184250,7229854,7284753,7339001,7389625,7437115,7483934,7551117,7647675,7743831,7824909,7912398,7996861,8089346,8188649,8282396,8372098
Syrian Arab Republic,35,38,0.62,$0.00 ,0.52,0.09,0.04,0.81,0.01,1.51,0.41,0.1,0.04,0,0.05,0.6,-0.91,0.87,16410848,16766899,17087901,17415266,17806638,18294611,18914977,19632806,20325443,20824893,21018834,20863993,20420701,19809141,19203090,18734987,18430453
Tajikistan,39,71,0.62,$836.17 ,0.46,0.14,0.1,0.13,0,0.91,0.29,0.14,0.01,0.01,0.08,0.53,-0.38,0.52,6216205,6327125,6447688,6576877,6712841,6854176,7000557,7152385,7309728,7472819,7641630,7815949,7995062,8177809,8362745,8548651,8734951
"Tanzania, United Republic of",-6,35,0.51,$765.33 ,0.44,0.34,0.23,0.17,0.09,1.32,0.46,0.34,0.17,0.06,0.06,1.08,-0.24,0.76,34178042,35117019,36105808,37149072,38249984,39410545,40634948,41923715,43270144,44664231,46098591,47570902,49082997,50636595,52234869,53879957,55572201
Thailand,15,100,0.72,"$5,479.29 ",0.67,0.02,0.24,1.54,0.13,2.66,0.77,0.01,0.2,0.19,0.07,1.24,-1.42,1.54,62958021,63543322,64073164,64554952,65002231,65425470,65824164,66195615,66545760,66881867,67208808,67530130,67843979,68143065,68416772,68657600,68863514
Timor-Leste,,,0.6,"$5,167.86 ",0.25,0.07,0.04,0.06,0.02,0.48,0.21,0.06,0.52,0.94,0.04,1.78,1.3,0.28,871607,892531,923825,960852,996698,1026484,1048621,1064973,1078110,1092021,1109591,1131523,1156760,1184366,1212814,1240977,1268671
Togo,8,1.17,0.47,$580.86 ,0.34,0.1,0.27,0.31,0.08,1.13,0.34,0.12,0.03,0.02,0.02,0.53,-0.6,0.65,4970367,5111770,5251472,5391401,5534598,5683268,5837792,5997385,6161796,6330472,6502952,6679282,6859482,7042948,7228915,7416802,7606374
Tonga,-20,-175,0.72,"$4,330.90 ",1.19,0.32,0.14,0.88,0.18,2.7,0.83,0.02,0.11,0.52,0,1.48,-1.22,1.56,98082,98611,99184,99789,100406,101041,101689,102357,103005,103604,104137,104577,104951,105328,105782,106364,107122
Trinidad and Tobago,11,-61,0.77,"$18,310.80 ",0.46,0.19,0.27,6.89,0.11,7.92,0.04,0.01,0.15,1.37,0,1.56,-6.36,4.57,1267984,1272380,1277837,1284052,1290535,1296934,1303144,1309260,1315372,1321618,1328100,1334788,1341588,1348248,1354493,1360092,1364962
Tunisia,34,9,0.72,"$4,305.07 ",0.76,0.09,0.28,1.11,0.06,2.34,0.53,0.08,0.05,0.24,0.04,0.93,-1.4,1.35,9699197,9785701,9864326,9939678,10017601,10102482,10196136,10298087,10407336,10521834,10639931,10761467,10886668,11014558,11143908,11273661,11403248
Turkey,39,35,0.76,"$10,437.70 ",0.87,0.12,0.34,1.92,0.04,3.33,0.75,0.09,0.6,0.04,0.04,1.52,-1.81,1.92,63240121,64191474,65143054,66085803,67007855,67903406,68763405,69597281,70440032,71339185,72326914,73409455,74569867,75787333,77030628,78271472,79512426
Turkmenistan,40,60,0.68,"$5,290.14 ",0.73,0.44,0.08,4.13,0.01,5.47,0.6,1.96,0.02,0.13,0.09,2.79,-2.68,3.16,4516131,4564080,4610002,4655741,4703398,4754641,4810105,4870137,4935762,5007950,5087210,5174061,5267839,5366277,5466241,5565284,5662544
Uganda,1,32,0.48,$601.35 ,0.34,0.15,0.54,0.08,0.11,1.24,0.35,0.15,0.01,0.04,0.04,0.59,-0.66,0.72,24039274,24854892,25718048,26624820,27568436,28543940,29550662,30590487,31663896,32771895,33915133,35093648,36306796,37553726,38833338,40144870,41487965
Ukraine,49,32,0.74,"$3,589.63 ",0.62,0.01,0.16,1.92,0.06,2.84,1.5,0.12,0.43,0.15,0.07,2.27,-0.58,1.64,49175848,48683865,48202500,47812950,47451600,47105150,46787750,46509350,46258200,46053300,45870700,45706100,45593300,45489600,45271947,45154029,45004645
United Kingdom,54,-2,0.9,"$40,980.50 ",0.82,0.28,0.45,3.14,0.08,4.94,0.6,0.12,0.12,0.3,0.18,1.32,-3.62,2.85,58892514,59119673,59370479,59647577,59987905,60401206,60846820,61322463,61806995,62276270,62766365,63258918,63700300,64128226,64613160,65128861,65637239
United Arab Emirates,24,54,0.83,"$40,817.40 ",0.8,0.19,0.38,6.37,0.19,7.93,0.02,0,0.07,0.47,0,0.56,-7.37,4.58,3154925,3326032,3507232,3741932,4087931,4579562,5242032,6044067,6894278,7666393,8270684,8672475,8900453,9006263,9070867,9154302,9269612
United States of America,38,-97,0.91,"$49,725.00 ",1.13,0.3,0.67,5.9,0.12,8.22,1.49,0.28,1.57,0.33,0.09,3.76,-4.46,4.75,282162411,284968955,287625193,290107933,292805298,295516599,298379912,301231207,304093966,306771529,309348193,311663358,313998379,316204908,318563456,320896618,323127513
Uruguay,-33,-56,0.79,"$14,238.10 ",0.19,0.98,0.55,0.98,0.05,2.91,1.89,4.86,1.22,2.18,0.17,10.32,7.41,1.68,3321245,3327103,3327773,3325637,3324096,3325612,3331043,3339741,3350824,3362755,3374415,3385624,3396777,3408005,3419546,3431552,3444006
Uzbekistan,41,64,0.67,"$1,560.85 ",0.62,0.13,0.08,1.41,0,2.32,0.56,0.2,0.06,0.03,0.08,0.92,-1.4,1.34,24650400,24964450,25271850,25567650,25864350,26167000,26488250,26868000,27302800,27767400,28562400,29339400,29774500,30243200,30757700,31298900,31848200
Venezuela,8,-66,0.763846,"$10,237.80 ",0.45,0.74,0.12,2.13,0.09,3.57,0.14,0.57,1.79,0.24,0.04,2.78,-0.79,2.06,24488340,24948476,25408700,25868523,26327225,26784161,27239168,27691965,28141701,28587323,29028033,29463291,29893080,30317848,30738378,31155134,31568179
Vietnam,16,106,0.66,"$1,532.31 ",0.5,0.01,0.19,0.79,0.05,1.65,0.55,0.01,0.17,0.16,0.1,1,-0.65,0.95,77630900,78620500,79537700,80467400,81436400,82392100,83311200,84218500,85118700,86025000,86932500,87860300,88809200,89759500,90728900,91713300,92701100
Yemen,15,48,0.5,"$1,302.30 ",0.34,0.14,0.04,0.42,0.04,1.03,0.09,0.12,0.04,0.2,0.04,0.5,-0.53,0.59,17874725,18390135,18919179,19462086,20017068,20582927,21160534,21751605,22356391,22974929,23606779,24252206,24909969,25576322,26246327,26916207,27584213
Zambia,-15,30,0.58,"$1,740.64 ",0.19,0.18,0.33,0.24,0.01,0.99,0.24,0.94,0.99,0.02,0.04,2.23,1.24,0.57,10531221,10824125,11120409,11421984,11731746,12052156,12383446,12725974,13082517,13456417,13850033,14264756,14699937,15153210,15620974,16100587,16591390
Zimbabwe,-20,30,0.49,$865.91 ,0.2,0.32,0.29,0.53,0.01,1.37,0.15,0.32,0.12,0.01,0.02,0.62,-0.75,0.79,12222251,12366165,12500525,12633897,12777511,12940032,13124267,13329909,13558469,13810599,14086317,14386649,14710826,15054506,15411675,15777451,16150362
