Country,Latitude,Longitude,HDI,GDP per Capita,Cropland Footprint,Grazing Footprint,Forest Footprint,Carbon Footprint,Fish Footprint,Total Ecological Footprint,Cropland,Grazing Land,Forest Land,Fishing Water,Urban Land,Total Biocapacity,Biocapacity Deficit or Reserve,Earths Required,2000,2001,2002,2003,2004,2005,2006,2007,2008,2009,2010,2011,2012,2013,2014,2015
Afghanistan,33,65,0.46,$614.66 ,0.3,0.2,0.08,0.18,0,0.79,0.24,0.2,0.02,0,0.04,0.5,-0.3,0.46,30.17789419,31.44802867,32.9122308,34.47502987,35.99523634,37.37393622,38.57429617,39.63720246,40.63465521,41.67400515,42.83032656,44.1276338,45.53319701,46.99705909,48.44454554,49.82164936
Albania,41,20,0.73,"$4,534.37 ",0.78,0.22,0.25,0.87,0.02,2.21,0.55,0.21,0.29,0.07,0.06,1.18,-1.03,1.27,112.7382117,111.685146,111.3507299,110.9348905,110.4722263,109.9082847,109.2170438,108.394781,107.5662044,106.8437591,106.314635,106.0138686,105.8484307,105.7172263,105.6078102,105.4440511
Algeria,28,3,0.73,"$5,430.57 ",0.6,0.16,0.17,1.14,0.01,2.12,0.24,0.27,0.03,0.01,0.03,0.59,-1.53,1.22,13.09280526,13.26354682,13.43151939,13.60135279,13.77867651,13.96789196,14.17003031,14.38526917,14.61580987,14.86383484,15.13018172,15.4160958,15.71935938,16.03287303,16.34701269,16.65442869
Angola,-12.5,18.5,0.52,"$4,665.91 ",0.33,0.15,0.12,0.2,0.09,0.93,0.2,1.42,0.64,0.26,0.04,2.55,1.61,0.54,12.07879843,12.48318842,12.92187054,13.38846154,13.87302479,14.36828587,14.87243683,15.38774926,15.91581856,16.45953557,17.02089837,17.6003016,18.19654448,18.80821529,19.43332317,20.07056549
Antigua and Barbuda,17.05,-61.8,0.78,"$13,205.10 ",,,,,,5.38,,,,,,0.94,-4.44,3.11,176.4727273,179.4818182,181.8863636,183.8727273,185.7227273,187.6477273,189.6977273,191.8113636,193.9772727,196.1363636,198.2568182,200.3454545,202.4295455,204.5113636,206.5909091,208.6772727
Argentina,-34,-64,0.83,"$13,540.00 ",0.78,0.79,0.29,1.08,0.1,3.14,2.64,1.86,0.66,1.67,0.1,6.92,3.78,1.82,13.54097578,13.69228338,13.84498902,13.99847078,14.15168616,14.30395514,14.45496202,14.60519935,14.75573046,14.90802429,15.06304148,15.22116718,15.3818021,15.54370572,15.70511311,15.86469604
Armenia,40,45,0.73,"$3,426.39 ",0.74,0.18,0.34,0.89,0.01,2.23,0.44,0.26,0.1,0.02,0.07,0.89,-1.35,1.29,108.0469968,107.482824,107.0336846,106.6533193,106.2866877,105.898033,105.4499824,104.9566913,104.4969793,104.1836319,104.0918862,104.2495258,104.613242,105.0998244,105.5902353,105.9962065
Aruba,12.5,-69.97,,,,,,,,11.88,,,,,,0.57,-11.31,6.86,504.7666667,516.0777778,527.75,538.9722222,548.5666667,555.7277778,560.1666667,562.3222222,563.0111111,563.4222222,564.4277778,566.3111111,568.85,571.7833333,574.6722222,577.1611111
Australia,-27,133,0.93,"$66,604.20 ",2.68,0.63,0.89,4.85,0.11,9.31,5.42,5.81,2.01,3.19,0.14,16.57,7.26,5.37,2.493133567,2.526977598,2.558009971,2.589771292,2.619970582,2.654777866,2.694232196,2.711115161,2.765994559,2.823594496,2.867858584,2.90798641,2.958522057,3.009170821,3.054304831,3.095579319
Austria,47.33,13.33,0.88,"$51,274.10 ",0.82,0.27,0.63,4.14,0.06,6.06,0.71,0.16,2.04,0,0.15,3.07,-3,3.5,97.01581497,97.38790264,97.86821264,98.34612497,98.95817389,99.63464519,100.1288569,100.4563806,100.7713435,101.0442286,101.2996936,101.6503501,102.1321905,102.7416971,103.4953533,104.3376186
Azerbaijan,40.5,47.5,0.75,"$7,106.04 ",0.66,0.22,0.11,1.25,0.01,2.31,0.46,0.2,0.11,0.02,0.06,0.85,-1.46,1.33,97.43477998,98.19379207,98.9124646,99.62372356,100.4753726,101.5225018,102.6725317,103.8533687,106.0597625,108.2912905,109.5423442,110.9763362,112.4607902,113.9234808,115.3543958,116.7610182
Bahamas,24.25,-76,0.78,"$22,647.30 ",0.97,1.05,0.19,4.46,0.14,6.84,0.05,0,1.18,8.27,0.04,9.55,2.71,3.95,29.75934066,30.28351648,30.88611389,31.54415584,32.22167832,32.89140859,33.54655345,34.19170829,34.82387612,35.44255744,36.04695305,36.63446553,37.2015984,37.74635365,38.26713287,38.76313686
Bahrain,26,50.55,0.82,"$24,299.00 ",0.52,0.45,0.16,6.19,0.07,7.49,0.01,0,0,0.46,0.1,0.58,-6.91,4.33,939.2323944,978.7225352,1021.640845,1057.770833,1106.834247,1171.640541,1271.362162,1368.757333,1468.127632,1574.702632,1655.274278,1702.756193,1731.918182,1752.502597,1768.74026,1788.619481
Bangladesh,24,90,0.56,$857.50 ,0.29,0,0.08,0.26,0.02,0.72,0.25,0,0,0.05,0.07,0.38,-0.35,0.42,1008.532988,1027.702727,1046.542644,1064.762802,1081.998817,1098.025497,1112.692925,1126.163379,1138.914289,1151.615856,1164.759753,1178.502051,1192.727871,1207.324222,1222.075079,1236.810648
Barbados,13.17,-59.53,0.79,"$15,722.80 ",0.56,0.24,0.14,3.28,0.22,4.48,0.08,0,0.02,0.04,0.04,0.19,-4.29,2.58,627.5302326,629.5023256,631.3465116,633.1651163,635.0953488,637.2395349,639.627907,642.2186047,644.9186047,647.5953488,650.1534884,652.5627907,654.8372093,656.9837209,659.0232558,660.9651163
Belarus,53,28,0.8,"$6,300.45 ",1.32,0.12,0.91,2.57,0.08,5.09,1.52,0.3,1.71,0.02,0.09,3.64,-1.45,2.94,49.32459081,48.94498127,48.63678943,48.3015333,47.97593807,47.64088153,47.3336619,47.11680631,46.95909315,46.87407553,46.77180877,46.68572273,46.64136809,46.65122468,46.73500567,46.88285447
Belgium,50.83,4,0.89,"$48,053.30 ",1.15,0.48,0.99,4.43,0.12,7.44,0.56,0.03,0.28,0.04,0.27,1.19,-6.25,4.3,338.5485469,339.7149934,341.2412483,342.6728203,344.1590819,346.0573646,348.347358,350.9147952,353.6979194,356.555251,359.8278071,364.8528402,367.5114267,369.3136394,370.9119221,372.7120542
Benin,9.5,2.25,0.48,$746.83 ,0.49,0.04,0.26,0.51,0.08,1.41,0.44,0.04,0.34,0.02,0.04,0.88,-0.53,0.81,61.62970912,63.62993083,65.75686414,67.98227208,70.26246896,72.56440227,74.88220114,77.22274743,79.58074672,81.95266052,84.33662646,86.72748315,89.1255055,91.5416105,93.99150408,96.48659986
Bermuda,32.33,-64.75,,"$70,626.30 ",,,,,,5.77,,,,,,0.13,-5.64,3.33,1236.66,1250.08,1258.24,1266.5,1274.8,1283.08,1290.46,1297.76,1305.46,1312.72,1302.48,1291.28,1295.96,1300.02,1302.78,1304.7
Bhutan,27.5,90.5,0.59,"$2,395.00 ",0.5,0.42,3.03,0.63,0.02,4.84,0.28,0.34,4.38,0.01,0.25,5.27,0.43,2.8,14.17555276,14.59256281,15.03570352,15.48929648,16.63916363,17.08326993,17.49665504,17.87840071,18.23307186,18.56992943,18.89566335,19.21048351,19.51126794,19.79791169,20.06999502,20.32767532
Bolivia,-17,-65,0.65,"$2,253.09 ",0.37,1.69,0.17,0.67,0.01,2.96,0.59,2.18,13.86,0.05,0.06,16.73,13.77,1.71,7.698247946,7.843051786,7.987947014,8.132945629,8.278168559,8.42370996,8.569505216,8.715482323,8.861733592,9.008399335,9.155584787,9.303275178,9.451455737,9.600231699,9.749734146,9.900032309
Bosnia and Herzegovina,44,18,0.73,"$4,708.85 ",0.63,0.27,0.44,1.74,0.02,3.12,0.3,0.19,1.13,0,0.02,1.63,-1.49,1.8,74.07964844,74.21380859,74.38177734,74.55689453,74.7240625,74.87064453,74.97078125,75.00816406,74.99509766,74.95570313,74.90738281,74.84980469,74.77380859,74.67837891,74.56160156,74.4221875
Botswana,-22,24,0.69,"$7,743.50 ",0.3,0.89,0.24,2.36,0.01,3.83,0.06,2.49,0.63,0.27,0.02,3.47,-0.35,2.21,3.064208706,3.110001235,3.152598239,3.194533552,3.239196796,3.289049459,3.34492792,3.406262241,3.472316623,3.541742982,3.613415559,3.68730436,3.763382916,3.840470771,3.917098089,3.992174404
Brazil,-10,-55,0.75,"$13,237.60 ",0.62,0.85,0.6,0.91,0.04,3.11,1,1,6.82,0.17,0.09,9.08,5.97,1.8,21.03176556,21.34678242,21.6609906,21.96988074,22.26767714,22.55038083,22.81587064,23.0654812,23.30299516,23.53409945,23.76296736,23.99069458,24.21610358,24.43837708,24.65595192,24.86767726
British Virgin Islands,18.5,-64.5,,,,,,,,2.86,,,,,,2.05,-0.81,1.65,137.62,140.58,143.5333333,146.6666667,150.2533333,154.46,159.3866667,164.9,170.6933333,176.3333333,181.4866667,186.04,190.0733333,193.72,197.2333333,200.78
Brunei Darussalam,4.5,114.67,0.85,"$47,097.40 ",0.31,0.13,0.26,3.24,0.09,4.06,0.02,0.01,1.57,1.24,0.03,2.87,-1.19,2.34,62.72371917,63.96091082,65.15806452,66.32960152,67.49525617,68.66963947,69.85768501,71.05483871,72.25540797,73.44971537,74.63036053,75.79563567,76.94724858,78.08330171,79.20189753,80.30132827
Bulgaria,43,25,0.78,"$7,615.28 ",0.6,0.13,0.35,2.08,0.03,3.32,1.33,0.08,1.2,0.12,0.13,2.86,-0.46,1.92,73.85132423,72.49644762,72.32047794,71.92752597,71.54432696,71.2435567,70.87379177,69.47185342,68.98592211,68.57445652,68.12453021,67.68909359,67.2981577,66.92257738,66.54327561,66.120035
Burkina Faso,13,-2,0.39,$671.07 ,0.47,0.17,0.36,0.12,0.03,1.21,0.5,0.17,0.25,0,0.05,0.98,-0.22,0.7,42.42669591,43.65402047,44.92318713,46.24121345,47.61710161,49.05675804,50.56357822,52.13451023,53.76100512,55.43076023,57.13474415,58.87006944,60.6389364,62.44354532,64.28800439,66.17532895
Burundi,-3.5,30,0.39,$276.69 ,0.21,0.07,0.45,0.04,0,0.8,0.2,0.07,0.01,0.01,0.03,0.32,-0.48,0.46,263.5153037,270.5109034,278.8130062,288.2093069,298.3494159,308.9646807,320.0183022,331.5645639,343.5278427,355.8327882,368.4235592,381.2364097,394.2590343,407.5529206,421.2172897,435.3162383
Cabo Verde,,,0.64,"$3,801.45 ",,,,,,2.52,,,,,,0.62,-1.9,1.46,108.8677419,111.0066998,113.0014888,114.8076923,116.3734491,117.6734491,118.6761787,119.4238213,120.0555831,120.762531,121.682134,122.8682382,124.2853598,125.8704715,127.5200993,129.1568238
Cambodia,13,105,0.55,$877.64 ,,,,,,1.21,,,,,,1.09,-0.11,0.7,69.10211308,70.5239123,71.84445955,73.08643213,74.28242692,75.45920009,76.62225244,77.77418989,78.93530478,80.12880693,81.37087016,82.67107976,84.02591774,85.42127804,86.8351235,88.25005099
Cameroon,6,12,0.5,"$1,271.21 ",0.54,0.1,0.21,0.19,0.08,1.17,0.55,0.1,0.92,0.08,0.05,1.69,0.52,0.68,33.69447018,34.58645681,35.49625352,36.42527342,37.37508409,38.34697595,39.34147575,40.35899389,41.40047386,42.46688667,43.55876965,44.67657761,45.81982188,46.98687567,48.17544372,49.38372152
Canada,60,-95,0.91,"$52,145.40 ",1.46,0.33,1.2,5,0.12,8.17,3.11,0.29,9.12,3.41,0.07,16.01,7.83,4.72,3.383698924,3.418031101,3.448833289,3.48336341,3.518443373,3.5533034,3.581730817,3.61663736,3.655989052,3.698084788,3.739510266,3.776625307,3.821569009,3.865998828,3.908684105,3.942567172
Cayman Islands,19.5,-80.5,,,0.36,0.45,1.23,3.56,0.05,5.65,0,0.02,0.19,0.11,0,0.32,-5.33,3.26,173.6875,180.4875,186.425,191.8,197.0791667,202.5958333,208.45,214.5,220.5208333,226.1875,231.2875,235.75,239.675,243.2041667,246.55,249.8625
Central African Republic,7,21,0.37,$495.04 ,0.3,0.55,0.26,0.08,0.02,1.24,0.29,0.57,6.98,0,0.04,7.87,6.62,0.72,5.981007416,6.091169861,6.195678834,6.297624322,6.401322675,6.510013163,6.624790523,6.745166779,6.870854602,7.001014479,7.135017176,7.272950978,7.415165816,7.561523644,7.711830235,7.865860862
Chad,15,19,0.39,"$1,161.22 ",0.36,0.75,0.27,0.01,0.01,1.46,0.35,1.15,0.41,0.07,0.05,2.03,0.57,0.84,6.625890248,6.880240629,7.149064485,7.428141677,7.711640724,7.995498729,8.277966963,8.560597205,8.846680432,9.141149142,9.447569886,9.766925032,10.09805035,10.43979352,10.79022633,11.14792884
Chile,-30,-71,0.83,"$14,525.80 ",0.61,0.33,0.99,2.04,0.25,4.36,0.47,0.45,2.19,0.38,0.15,3.63,-0.73,2.52,20.40313934,20.65602825,20.90636852,21.1547963,21.40206339,21.64879386,21.89512758,22.14121383,22.38765783,22.63514818,22.884083,23.134586,23.38626582,23.63830071,23.88955284,24.13902966
China,35,105,0.72,"$5,560.94 ",0.55,0.13,0.19,2.32,0.08,3.38,0.46,0.1,0.22,0.04,0.12,0.94,-2.44,1.95,134.492481,135.4730488,136.3837796,137.2359193,138.0534367,138.8677661,139.6453429,140.3765881,141.0977052,141.8012441,142.4877434,143.1721123,143.8713936,144.5834568,145.317356,146.0576461
Colombia,4,-72,0.72,"$7,305.22 ",0.35,0.58,0.16,0.67,0.03,1.87,0.22,1.13,2.09,0.07,0.09,3.6,1.72,1.08,36.41636683,36.9435863,37.46957458,37.99202073,38.50757729,39.01364218,39.50945831,39.9951753,40.47017575,40.9340027,41.38630104,41.82644975,42.25418477,42.6699982,43.07471203,43.46886345
Comoros,-12.17,44.25,0.5,$860.24 ,0.33,0.03,0.18,0.25,0.25,1.03,0.23,0.01,0.02,0.07,0,0.32,-0.7,0.59,294.3019882,301.7329393,309.2036539,316.76518,324.4862977,332.4191295,340.5771091,348.9543256,357.5572273,366.3863514,375.4406233,384.7243418,394.2294465,403.9210102,413.751209,423.6829661
Congo,-1,15,0.57,"$1,943.69 ",0.22,0.09,0.38,0.47,0.1,1.29,0.13,3.06,7.33,0.35,0.03,10.91,9.63,0.74,9.104740849,9.323229868,9.536945827,9.755677892,9.992948755,10.25793851,10.55518302,10.8804246,11.22334114,11.56891947,11.90652416,12.23260615,12.55106296,12.86774231,13.1916896,13.52951684
"Congo, Democratic Republic of",0,25,0.42,$338.63 ,0.15,0.01,0.51,0.07,0.01,0.82,0.13,0.32,2.52,0.05,0.05,3.07,2.25,0.47,21.19435566,21.81205311,22.48358307,23.20293245,23.95838424,24.74119936,25.55163759,26.3932754,27.26418826,28.16219184,29.08568933,30.03346905,31.00556229,32.00320284,33.02839814,34.08253634
Costa Rica,10,-84,0.76,"$8,979.96 ",0.4,0.21,0.68,1.37,0.08,2.84,0.38,0.3,0.63,0.12,0.1,1.53,-1.31,1.64,76.87916177,78.27653741,79.57712495,80.80630631,82.00233059,83.1931649,84.38679984,85.57510772,86.75099882,87.90170388,89.01827262,90.09962789,91.15056796,92.17455934,93.17677242,94.16079123
Cote d'Ivoire,8,-5,,"$1,016.83 ",0.51,0.06,0.22,0.26,0.14,1.27,0.88,0.3,0.48,0.04,0.08,1.78,0.51,0.74,51.9432327,53.03577358,54.0422044,55.00483962,55.98275472,57.02107547,58.13330818,59.31500629,60.57121698,61.90222956,63.30725472,64.79299371,66.36050629,67.99525157,69.67643711,71.38854088
Croatia,45.17,15.5,0.82,"$14,522.80 ",0.74,0.13,0.72,2.21,0.06,3.92,0.68,0.19,1.55,0.33,0.06,2.8,-1.12,2.27,79.16294044,79.41334287,79.41334287,79.41334287,79.32451751,79.37812723,79.34238742,79.27090779,79.24424589,79.14721229,78.94533595,76.49431737,76.2608649,76.04876698,75.73961758,75.48970693
Cuba,21.5,-80,0.77,"$5,175.94 ",0.48,0.11,0.09,1.23,0.02,1.95,0.26,0.09,0.23,0.16,0.03,0.76,-1.19,1.13,103.5082588,103.8312104,105.1277376,105.4026034,105.6355606,105.7971815,105.9400451,106.0131811,106.0713923,106.1390643,106.2395058,106.3845359,106.5546036,106.7413033,106.8973029,106.9954814
Cyprus,35,33,0.85,"$31,454.70 ",0.77,0.08,0.23,2.94,0.14,4.21,0.18,0,0.06,0.06,0.05,0.34,-3.87,2.43,102.0873377,104.0564935,106.0479437,108.0248918,109.937987,111.7517316,113.4516234,115.047619,116.5595238,118.0179654,119.4464286,120.8489177,122.2189394,123.5554113,124.8547619,126.1147186
Czech Republic,49.75,15.5,0.87,"$21,676.30 ",0.62,0.24,0.74,3.42,0.03,5.19,0.94,0.07,1.31,0,0.13,2.46,-2.73,3,132.7172641,132.2195548,131.964747,131.9269833,131.9842221,132.1669169,132.5424595,133.3181618,134.4285178,135.1965825,135.6086225,135.8892802,136.0971773,136.1423281,136.2857309,136.6207303
Denmark,56,10,0.92,"$61,413.60 ",1.18,0.47,0.77,2.6,0.24,5.51,2.38,0.01,0.34,1.8,0.25,4.78,-0.73,3.18,125.8452981,126.2970304,126.7011784,127.046288,127.3750412,127.72642,128.1468772,128.7164271,129.4749234,130.1695734,130.7490691,131.2885223,131.7834551,132.334009,133.0067169,133.7733208
Djibouti,11.5,43,0.46,"$1,433.17 ",,,,,,2.19,,,,,,0.77,-1.42,1.27,31.17178602,31.66902502,32.15957722,32.64262295,33.11665229,33.58093184,34.03541846,34.4827006,34.9283434,35.3795082,35.84132873,36.31587575,36.80194133,37.29741156,37.79870578,38.30289042
Dominica,15.42,-61.33,0.72,"$7,088.01 ",0.64,0.15,0.14,1.47,0.17,2.57,0.4,0.01,0.52,0.1,0,1.03,-1.54,1.49,92.90533333,92.88,93.07466667,93.41066667,93.76666667,94.056,94.25333333,94.39333333,94.508,94.66,94.88933333,95.20266667,95.58,96.00666667,96.45466667,96.90666667
Dominican Republic,19,-70.67,0.71,"$6,085.89 ",0.35,0.12,0.12,0.86,0.04,1.53,0.22,0.11,0.16,0.02,0.05,0.56,-0.97,0.88,177.2066018,179.9902111,182.7873758,185.5910389,188.3898386,191.1747724,193.9431498,196.6956954,199.4306912,202.146875,204.8423634,207.5153146,210.1621689,212.7774834,215.3547806,217.8888866
Ecuador,-2,-77.5,0.73,"$5,192.88 ",0.3,0.3,0.24,1.08,0.18,2.17,0.32,0.3,1.41,0.11,0.06,2.2,0.03,1.25,50.84794653,51.75049525,52.63349976,53.50942181,54.39541392,55.30372041,56.2388871,57.19712917,58.17200837,59.15328555,60.13324207,61.11000161,62.08525125,63.05891448,64.03171203,65.00387744
Egypt,27,30,0.69,"$2,930.33 ",0.68,0.08,0.17,1.02,0.04,2.15,0.38,0,0,0.02,0.15,0.56,-1.59,1.24,68.64724999,69.91807223,71.23281933,72.57785524,73.9324607,75.2846602,76.62291928,77.96004521,79.33710583,80.81012909,82.41598674,84.17061028,86.0524406,88.0143744,89.9891205,91.92634889
El Salvador,13.83,-88.92,0.66,"$3,696.33 ",0.44,0.21,0.4,0.84,0.14,2.07,0.27,0.15,0.04,0.11,0.05,0.61,-1.46,1.2,280.4940154,282.0819498,283.5087355,284.7938707,285.9598938,287.0273166,288.0094595,288.9195946,289.777944,290.6065637,291.4240347,292.2397683,293.0614382,293.9017375,294.7734556,295.6845077
Equatorial Guinea,2,10,0.58,"$24,064.00 ",0.27,0.02,0.26,3.17,0.22,3.97,0.13,0.15,3.1,1.01,0.02,4.4,0.44,2.29,18.92677362,19.57244207,20.23757576,20.91878788,21.61144385,22.31251337,23.02024955,23.73611408,24.46427807,25.21051693,25.97896613,26.77069519,27.58392157,28.41647059,29.26506239,30.12691622
Eritrea,15,39,0.39,$439.73 ,0.1,0.18,0.06,0.03,0.01,0.42,0.07,0.18,0.09,0.93,0.02,1.3,0.88,0.24,35.00154455,36.18817822,37.51021782,38.89512871,40.24710891,41.49775248,42.61821782,43.62672277,44.56077228,45.48068317,46.43231683,47.42146535,,,,
Estonia,59,26,0.85,"$17,304.40 ",,,,,,6.86,,,,,,10.53,3.67,3.96,32.95553197,32.7462845,32.53951404,32.33592828,32.14319415,31.95977825,31.77188016,31.62727058,31.5425808,31.48183534,31.41012031,31.31490918,31.20301958,31.09216796,31.01073366,30.95064874
Ethiopia,8,38,0.43,$379.38 ,0.31,0.12,0.46,0.07,0,1.02,0.31,0.12,0.05,0.04,0.06,0.58,-0.44,0.59,66.443603,68.393128,70.39117,72.43229,74.506974,76.608431,78.735675,80.891968,83.079608,85.302099,87.561814,89.858696,92.191211,94.558374,96.958732,99.39075
Fiji,-18,175,0.72,"$4,201.37 ",0.55,0.2,0.42,1.06,0.62,2.9,0.28,0.09,1.3,0.65,0.04,2.37,-0.52,1.67,44.40191571,44.56568144,44.64646962,44.69764641,44.79228243,44.9819376,45.28680898,45.68850575,46.15249042,46.6258347,47.06907499,47.4727422,47.84663383,48.19304871,48.51943076,48.83114395
Finland,64,26,0.88,"$50,960.20 ",,,,,,5.87,,,,,,13.44,7.57,3.39,16.99402147,17.03275879,17.07409304,17.11485604,17.16462129,17.22346761,17.31698399,17.39195633,17.48403751,17.56785456,17.64841066,17.73099477,17.81556155,17.89783145,17.97200303,18.03946494
France,46,2,0.89,"$45,430.30 ",1.23,0.27,0.53,2.71,0.19,5.14,1.67,0.16,0.96,0.11,0.21,3.11,-2.04,2.97,111.2422941,112.0548591,112.8727258,113.6755825,114.5156876,115.3842822,116.1915421,116.912661,117.5676505,118.1740787,118.7593474,119.3351121,119.9131969,120.4844372,121.4411285,122.0117449
French Guiana,4,-53,,,0.07,0.06,0.46,1.58,0.17,2.34,0.07,0.06,95.16,16.07,0,111.35,109.01,1.35,,,,,,,,,,,,,,,,
French Polynesia,-15,-140,,,0.75,0.65,0.12,2.39,0.82,4.73,0.19,0.03,0.73,0.42,0,1.37,-3.36,2.73,64.82704918,65.92240437,66.94863388,67.90601093,68.80081967,69.64043716,70.41830601,71.13688525,71.82431694,72.51693989,73.24180328,74.00601093,74.80191257,75.61912568,76.44289617,77.2579235
Gabon,-1,11.75,0.67,"$11,989.00 ",0.53,0.13,0.79,0.43,0.11,2.02,0.25,3.6,19.5,2.93,0.03,26.31,24.29,1.16,4.779555245,4.891663756,5.003267746,5.11543059,5.229650328,5.347060193,5.467924089,5.592044087,5.719490045,5.850227035,5.98415027,6.121387822,6.261842667,6.404901618,6.549745799,6.695742617
Gambia,13.47,-16.57,0.44,$505.76 ,0.46,0.05,0.2,0.21,0.08,1.03,0.23,0.04,0.2,0.32,0.03,0.82,-0.21,0.6,121.4291502,125.2078063,129.2167984,133.4333004,137.8188735,142.3460474,147.0089921,151.8205534,156.7933794,161.9465415,167.2926877,172.8358696,178.5679842,184.4741107,190.5336957,196.7316206
Georgia,42,43.5,0.75,"$3,710.70 ",0.39,0.2,0.1,0.83,0.02,1.58,0.12,0.36,0.61,0.05,0.04,1.17,-0.41,0.91,77.29976556,76.74166346,76.22729977,75.2475594,74.26781903,73.30557402,72.36082438,71.41607474,70.50631583,69.59655691,68.686798,67.79453445,66.91976626,66.06249344,65.20522062,64.36544316
Germany,51,9,0.91,"$46,822.40 ",1.1,0.14,0.48,3.28,0.05,5.3,1.23,0.06,0.68,0.07,0.24,2.27,-3.02,3.06,235.5968133,236.0273001,236.4515708,236.6164273,236.5921954,236.4646806,236.2251979,235.9433619,235.5221782,234.9396374,234.6069082,234.6731495,230.7506255,235.6479974,232.3477937,233.583362
Ghana,8,-2,0.57,"$1,627.90 ",0.56,0.07,0.65,0.43,0.19,1.97,0.67,0.26,0.29,0.06,0.07,1.35,-0.62,1.14,82.73267997,84.79302101,86.96572471,89.23879757,91.59045882,94.0033137,96.47486596,99.00694823,101.5905731,104.2153643,106.8723477,109.5565747,112.2640635,114.9882746,117.7225894,120.461866
Greece,39,22,0.86,"$25,987.40 ",1.07,0.35,0.24,2.58,0.08,4.38,1.01,0.14,0.23,0.17,0.06,1.61,-2.77,2.53,83.83093871,84.2678976,84.5773623,84.77944143,84.98945694,85.23905353,85.49543832,85.71352211,85.94135764,86.16770365,86.27882855,86.1512723,85.68666408,85.06757952,84.50281614,83.96999224
Grenada,12.12,-61.67,0.74,"$7,410.48 ",,,,,,2.98,,,,,,1.96,-1.01,1.72,298.8823529,299.5558824,300.2941176,301.0911765,301.9323529,302.7970588,303.7029412,304.6676471,305.6882353,306.7588235,307.8735294,309.0294118,310.2235294,311.4764706,312.7911765,314.1911765
Guadeloupe,16.25,-61.58,,,0.11,0.03,0.16,2.61,0.31,3.23,0.11,0.03,0.13,0.18,0,0.45,-2.77,1.86,,,,,,,,,,,,,,,,
Guatemala,15.5,-90.25,0.62,"$3,233.80 ",0.37,0.16,0.58,0.7,0.01,1.89,0.38,0.15,0.34,0.05,0.07,0.99,-0.9,1.09,109.0767077,111.7648843,114.5222844,117.3324561,120.1727417,123.0263624,125.8869074,128.7572695,131.6413494,134.5467805,137.479106,140.4374767,143.4188037,146.4239735,149.4540314,152.5093038
Guinea,11,-10,0.41,$459.09 ,0.39,0.32,0.45,0.16,0.05,1.41,0.35,0.75,0.64,0.3,0.04,2.09,0.68,0.81,35.80972245,36.44699658,37.09216588,37.77296109,38.51852108,39.34975989,40.28284633,41.31743855,42.43592707,43.60967768,44.81688914,46.05384584,47.32527674,48.62740518,49.95737832,51.31283575
Guinea-Bissau,12,-15,0.42,$681.25 ,0.35,0.36,0.67,0.09,0.01,1.53,0.48,0.36,0.34,1.79,0.06,3.03,1.49,0.89,46.78004979,47.78257468,48.80394737,49.84765292,50.91806543,52.01934566,53.15088905,54.31514936,55.52251067,56.78634424,58.11507824,59.51312233,60.97510669,62.4871266,64.02962304,65.58766003
Guyana,5,-59,0.63,"$3,269.46 ",0.7,0.22,0.77,1.25,0.06,3.07,0.69,1.51,59.19,5.12,0.06,66.58,63.51,1.77,3.770474981,3.775275591,3.77499111,3.772095504,3.7701905,3.771882144,3.778028956,3.787848616,3.800335281,3.813812548,3.827086614,3.83989332,3.852730505,3.866055372,3.880584201,3.896799594
Haiti,19,-72.42,0.48,$749.13 ,0.27,0.04,0.1,0.15,0.01,0.61,0.18,0.03,0.01,0.01,0.03,0.27,-0.34,0.35,310.2032656,315.4050798,320.5638244,325.7095428,330.884688,336.1178882,341.4179608,346.7691582,352.1455007,357.50918,362.8308055,368.1019594,373.3246734,378.492344,383.6004717,388.6453919
Honduras,15,-86.5,0.61,"$2,269.51 ",0.28,0.25,0.5,0.6,0,1.68,0.33,0.26,0.89,0.23,0.06,1.77,0.09,0.97,55.79658593,56.94256859,58.08384127,59.22159264,60.35706497,61.49058003,62.6242649,63.75669854,64.88041827,65.98532487,67.06475109,68.11523818,69.14050407,70.14978103,71.15631424,72.16963089
Hungary,47,20,0.82,"$13,964.20 ",0.42,0.08,0.36,1.9,0.02,2.92,1.28,0.06,0.69,0,0.13,2.17,-0.75,1.69,113.9362977,113.6752511,113.3520196,113.0278063,112.7777951,112.5662872,112.3911394,112.2171633,112.0208459,110.7108141,110.4608748,110.1483155,109.5809345,109.2795979,108.985618,108.7450127
India,20,77,0.6,"$1,513.85 ",0.34,0.01,0.14,0.61,0.02,1.16,0.35,0,0.02,0.03,0.05,0.45,-0.71,0.67,354.3268584,360.5178916,366.6732896,372.7880078,378.8588422,384.8816567,390.8557156,396.7743841,402.6214635,408.3769224,414.0282,419.5648482,424.9945812,430.3454788,435.6571706,440.9575328
Indonesia,-5,120,0.68,"$3,688.53 ",0.44,0.03,0.2,0.64,0.21,1.58,0.46,0.06,0.3,0.38,0.06,1.26,-0.32,0.91,116.7718763,118.3770437,119.9893391,121.6115353,123.2459171,124.8942646,126.5554077,128.2295633,129.920878,131.6345297,133.3722274,135.1359616,136.9187241,138.7019414,140.460914,142.1771254
"Iran, Islamic Republic of",32,53,0.76,"$7,511.10 ",0.69,0.09,0.07,1.72,0.12,2.79,0.48,0.07,0.06,0.19,0.09,0.9,-1.89,1.61,40.43478063,41.02590403,41.56868196,42.07551134,42.56667158,43.05800559,43.54988425,44.03970342,44.53697645,45.05295017,45.59477633,46.16641921,46.76367014,47.37493169,47.98357066,48.57650794
Iraq,33,44,0.65,"$5,848.54 ",0.43,0.03,0.01,1.36,0.01,1.88,0.18,0.02,0.05,0,0.04,0.29,-1.59,1.09,53.90116149,55.46515307,57.03133045,58.6012438,60.17909322,61.77312573,63.37193452,64.9873974,66.67884629,69.00588046,71.07237981,73.37391324,75.8832704,78.53049825,81.21498665,83.86303877
Ireland,53,-8,0.91,"$52,853.60 ",1.08,0.49,0.46,3.22,0.18,5.57,0.84,0.76,0.5,1.49,0.13,3.73,-1.83,3.21,55.23550588,56.12197706,57.07572942,58.01307882,59.08349543,60.38487444,62.03499782,63.85457976,65.16974888,65.83502685,66.19473073,66.43626071,66.58291479,66.74835245,67.02315285,67.36395703
Israel,31.5,34.75,0.89,"$33,718.90 ",0.89,0.22,0.36,4.59,0.07,6.22,0.22,0.01,0.03,0.02,0.08,0.35,-5.87,3.59,290.6192237,297.5508318,303.6044362,309.1358595,314.6487985,320.2449168,325.9565619,331.797597,337.7449168,345.9149723,352.2920518,358.8632163,365.5499076,372.435305,379.6534196,387.2643253
Italy,42.83,12.83,0.87,"$38,412.00 ",0.91,0.32,0.42,2.77,0.12,4.61,0.58,0.04,0.33,0.06,0.06,1.08,-3.53,2.66,193.608201,193.7169766,194.0056679,194.8500816,196.115207,197.0812674,197.6745053,198.6751547,199.9956857,200.9089719,201.5279017,201.8747841,202.4196539,204.7798599,206.6673693,206.7113789
Jamaica,18.25,-77.5,0.72,"$5,226.30 ",0.41,0.09,0.18,1.09,0.07,1.89,0.16,0,0.1,0.11,0.05,0.43,-1.46,1.09,239.0940905,240.5868883,241.4822715,242.354109,243.2266851,244.0998153,244.9715605,245.843121,246.7159741,247.588735,248.4602031,249.2925208,250.0281625,250.6619575,251.2053555,251.7027701
Japan,36,138,0.89,"$46,201.60 ",0.53,0.1,0.27,3.69,0.33,5.02,0.16,0,0.35,0.1,0.1,0.72,-4.3,2.9,347.9917695,348.8312757,349.6433471,350.3923182,350.5102881,350.5432099,350.7654321,351.1687243,351.3388203,351.2949246,351.309834,350.6117787,349.9053352,349.294001,348.7266842,348.2512399
Jordan,31,36,0.75,"$4,615.17 ",0.54,0.18,0.17,1.09,0.03,2.1,0.09,0.02,0.03,0,0.07,0.21,-1.89,1.21,54.02851315,54.9663078,55.97161151,57.14571623,58.60871487,60.43723935,62.67246147,65.26999093,68.11009746,70.58870241,73.41644515,76.14745438,78.78408425,81.26641135,83.533262,85.54344447
Kazakhstan,48,68,0.78,"$11,278.00 ",0.58,0.19,0.12,4.59,0.03,5.55,1.14,1.93,0.24,0.06,0.03,3.41,-2.14,3.2,5.513066637,5.503698559,5.503925621,5.522472127,5.560982702,5.610634145,5.670290773,5.735523206,5.805830277,5.960921954,6.045701745,6.132755491,6.219737378,6.310062229,6.404127866,6.498546505
Kenya,1,38,0.54,"$1,062.11 ",0.25,0.23,0.27,0.2,0.05,1.03,0.2,0.24,0.02,0.02,0.04,0.51,-0.52,0.6,54.58379309,55.98495976,57.44101627,58.95048494,60.5078891,62.10956882,63.7558685,65.45057455,67.19689707,68.99881927,70.85833538,72.77638894,74.74958358,76.77000562,78.82697227,80.91208139
"Korea, Democratic People's Republic of",40,127,,,0.28,0,0.14,0.68,0.02,1.17,0.24,0,0.21,0.09,0.06,0.6,-0.57,0.67,189.6870526,191.3748111,193.0741051,194.7443983,196.3233618,197.7686571,199.0689893,200.248692,201.3439831,202.4068267,203.4756748,204.5624035,205.6586081,206.7577859,207.8462918,208.9138527
"Korea, Republic of",37,127.5,0.89,"$24,155.80 ",0.71,0.12,0.21,4.17,0.41,5.69,0.13,0,0.09,0.4,0.06,0.68,-5.01,3.29,487.3326871,489.5323754,492.0154871,494.4143698,496.1724334,497.0374497,499.2975434,501.4202641,504.469731,506.5091452,508.180253,511.9761391,513.656302,515.2532062,517.3491782,519.3302793
Kuwait,29.34,47.66,0.82,"$41,830.50 ",0.55,0.24,0.21,6.89,0.09,8.13,0.02,0.01,0,0.37,0.15,0.55,-7.58,4.7,108.2755331,111.6735129,114.602413,117.6202581,121.5681257,127.0260382,134.0907969,142.4574074,151.812009,161.6859147,171.6875982,181.7722222,191.895679,201.6660494,210.6128507,218.4127385
Kyrgyzstan,41,75,0.65,"$1,116.37 ",0.59,0.18,0.09,0.95,0.01,1.91,0.47,0.63,0.06,0.05,0.08,1.3,-0.61,1.1,25.53910323,25.78258603,26.02033368,26.29457769,26.61470282,26.91657977,27.20750782,27.46819604,27.73044838,28.06725756,28.40406674,28.75182482,29.2346194,29.82064651,30.42492179,31.05839416
Lao People's Democratic Republic,18,105,0.56,"$1,236.24 ",0.57,0.08,0.36,0.09,0.01,1.22,0.57,0.13,0.78,0.03,0.11,1.62,0.4,0.7,23.14938908,23.50390381,23.84029463,24.17245667,24.51860485,24.8917331,25.2982539,25.73498267,26.19340988,26.66010832,27.12540728,27.58626083,28.04614385,28.50946707,28.98310225,29.47150347
Latvia,57,25,0.81,"$13,732.00 ",2.28,0.09,2.02,1.66,0.11,6.29,3.1,0.31,4.08,1.93,0.13,9.55,3.26,3.63,38.06595279,37.57749695,37.14343366,36.78620812,36.38693807,35.9958679,35.66719725,35.37727507,35.00742813,34.44305243,33.70107648,33.1142926,32.71661306,32.36287184,32.05952726,31.81283164
Lebanon,33.83,35.83,0.76,"$9,143.86 ",0.67,0.3,0.25,2.52,0.05,3.84,0.16,0.04,0.06,0.01,0.06,0.33,-3.51,2.22,316.2639296,328.4335288,344.3638319,361.8244379,377.641349,389.7228739,396.5826979,399.3573803,401.6998045,408.772434,423.9644184,448.8463343,481.3545455,516.8123167,548.5919844,571.9201369
Lesotho,-29.5,28.5,0.48,"$1,338.42 ",0.22,0.49,0.42,0.51,0,1.66,0.04,0.74,0,0,0.01,0.78,-0.87,0.96,61.1404809,61.64324769,62.10434783,62.54209486,62.97898551,63.43359684,63.91123188,64.41554677,64.96027668,65.56037549,66.22483531,66.96146245,67.76452569,68.6120224,69.47289196,70.32351779
Liberia,6.5,-9.5,0.42,$397.38 ,0.23,0.03,0.75,0.14,0.03,1.21,0.15,0.61,1.45,0.32,0.03,2.57,1.35,0.7,30.02458472,31.13340947,31.87991071,32.43585963,33.06315407,33.94711379,35.14123754,36.56911337,38.13104236,39.67502076,41.09208887,42.35438123,43.50243978,44.57736711,45.64528654,46.75496262
Libya,25,17,0.74,"$5,859.43 ",0.79,0.32,0.14,2.33,0.1,3.69,0.17,0.23,0.02,0.25,0.02,0.7,-3,2.13,3.033329166,3.085069393,3.136240722,3.187859327,3.241315344,3.297193016,3.357212112,3.420095025,3.479899292,3.528581334,3.560985826,3.574031849,3.571048683,3.561150642,3.557170624,3.568226923
Lithuania,56,24,0.83,"$14,373.70 ",1.89,0.21,1.28,2.15,0.16,5.83,3.03,0.11,2.09,0.3,0.15,5.67,-0.17,3.37,55.83178047,55.373612,54.93087109,54.48648692,53.87803127,53.00778558,52.1682993,51.55223357,51.02881532,50.46535301,49.4181412,48.31533012,47.67165013,47.19088951,46.78686877,46.43317112
Luxembourg,49.75,6.17,0.89,"$114,665.00 ",1.1,0.76,1.03,12.65,0.13,15.82,0.57,0.08,0.89,0,0.14,1.68,-14.14,9.14,168.4555985,170.472973,172.2683398,174.3745174,176.8706564,179.5976834,182.4853282,185.3254826,188.6679537,192.1942085,195.734749,200.1339768,204.9984556,209.7915058,214.7949807,219.9521236
Macedonia ,41.83,22,0.74,"$5,174.89 ",0.62,0.21,0.31,2.06,0.03,3.26,0.38,0.17,0.92,0.02,0.02,1.51,-1.75,1.88,79.12115611,79.49606764,79.77609123,79.98324813,80.15902477,80.33401494,80.50845458,81.30903686,81.46119699,81.63838224,81.77807296,81.9146709,82.04877082,82.17854877,82.30075337,82.4128866
Madagascar,-20,47,0.51,$456.33 ,0.27,0.34,0.24,0.07,0.02,0.99,0.26,1.3,0.8,0.21,0.06,2.63,1.64,0.57,27.07433882,27.9185731,28.77880971,29.65449496,30.54539155,31.45165251,32.37288751,33.30988582,34.26556729,35.24384565,36.24777659,37.26203732,38.31885802,39.40281368,40.51514782,41.65587831
Malawi,-13.5,34,0.43,$493.84 ,0.43,0.05,0.2,0.07,0.01,0.81,0.45,0.07,0.02,0.06,0.05,0.66,-0.15,0.47,118.7232711,121.8903691,125.0395736,128.2400933,131.6039245,135.212622,139.0791578,143.1732817,147.4827217,151.9840475,156.659143,161.5062898,166.5298685,171.7238651,177.0815974,182.5968604
Malaysia,2.5,112.5,0.77,"$10,252.60 ",0.67,0.12,0.38,2.1,0.36,3.71,0.75,0.01,0.73,0.84,0.07,2.41,-1.3,2.14,71.28519556,72.8076792,74.27173033,75.69448486,77.10249886,78.51506316,79.93622888,81.35932735,82.78015218,84.19119464,85.5866687,86.9668848,88.33340435,89.68306803,91.01201339,92.31778116
Mali,17,-4,0.41,$741.22 ,0.52,0.66,0.17,0.1,0.03,1.53,0.51,0.71,0.25,0.05,0.06,1.58,0.05,0.88,9.053447414,9.323215237,9.607534073,9.907364427,10.22370041,10.55686737,10.90808972,11.27629795,11.65671166,12.04284988,12.43026578,12.81695064,13.20477385,13.59796179,14.00275531,14.42373237
Martinique,14.67,-61,,,0.13,0.02,0.12,1.73,0.04,2.08,0.13,0.02,0.1,0.09,0.04,0.39,-1.7,1.2,,,,,,,,,,,,,,,,
Mauritania,20,-12,0.5,"$1,524.39 ",0.39,1.2,0.21,0.55,0.15,2.54,0.1,2.91,0.05,1.38,0.04,4.48,1.93,1.47,2.630659746,2.713206559,2.798750364,2.886083244,2.973592704,3.060140681,3.14520423,3.229150092,3.312847579,3.397620064,3.484428059,3.573514117,3.664564859,3.757333851,3.851387407,3.946409236
Mauritius,-20.28,57.55,0.77,"$8,811.15 ",0.52,0.22,0.18,1.99,0.55,3.46,0.14,0,0.01,0.56,0,0.71,-2.75,2,584.6665025,589.3039409,593.4093596,597.7192118,601.4793103,605.0512315,607.879803,610.6551724,612.8674877,614.4970443,615.9605911,616.9477833,618.6610837,620.0261084,621.1497537,621.9729064
Mexico,23,-102,0.75,"$10,123.90 ",0.55,0.24,0.25,1.74,0.06,2.89,0.37,0.24,0.47,0.14,0.05,1.27,-1.62,1.67,52.88643741,53.62255356,54.31122045,54.98516834,55.68961239,56.45613622,57.29718203,58.20076339,59.14391883,60.09188096,61.01882353,61.9178842,62.79532035,63.65395663,64.50054425,65.33975874
Moldova,47,29,0.68,"$1,971.03 ",0.43,0.08,0.15,1.03,0.06,1.78,0.59,0.07,0.1,0.01,0.03,0.8,-0.98,1.03,126.7399798,126.4568722,126.1643626,125.8534155,125.4986593,125.1501027,124.802764,124.513872,124.2770912,124.1203049,124.1693101,124.0975355,124.0380179,123.9184455,123.8429153,123.764669
Mongolia,46,105,0.71,"$3,736.07 ",0.29,3.47,0.17,2.09,0,6.08,0.21,8.23,7.03,0.14,0.05,15.66,9.58,3.51,1.543189835,1.55753817,1.572841088,1.589282036,1.607032236,1.626230722,1.646852391,1.668925565,1.692671027,1.718357836,1.746090914,1.775968743,1.807679781,1.840401401,1.873034192,1.904743943
Montenegro,42,19,0.8,"$7,251.60 ",0.64,0.33,0.62,2.13,0.05,3.78,0.14,0.22,2.63,0.24,0.01,3.24,-0.54,2.19,44.97769517,45.15903346,45.34037175,45.52171004,45.60245353,45.66996283,45.7267658,45.78996283,45.87130112,45.96981413,46.05412639,46.10252788,46.14133829,46.18639405,46.23122677,46.27420074
Montserrat,16.75,-62.2,,,,,,,,7.78,,,,,,1.36,-6.42,4.49,,,,,,,,,,,,,,,,
Morocco,32,-5,0.62,"$3,149.43 ",0.6,0.17,0.14,0.67,0.06,1.68,0.34,0.17,0.1,0.07,0.03,0.71,-0.96,0.97,64.86792068,65.54107775,66.17878333,66.7996527,67.42798342,68.08308089,68.76861752,69.48537307,70.24544925,71.06197177,71.94205467,72.89259243,73.90587049,74.95560385,76.00538427,77.02780865
Mozambique,-18.25,35,0.41,$538.82 ,0.31,0.03,0.29,0.17,0.03,0.87,0.28,0.96,0.61,0.17,0.05,2.06,1.19,0.5,23.22609425,23.89729774,24.6047903,25.34206872,26.09827183,26.86573412,27.64294616,28.43362878,29.24141891,30.07174013,30.92837687,31.81276355,32.72327374,33.65698517,34.60957298,35.57804497
Myanmar,22,98,0.53,"$1,117.58 ",0.8,0.01,0.32,0.09,0.1,1.43,0.88,0,0.56,0.28,0.11,1.84,0.41,0.83,72.94089268,73.7455764,74.50186982,75.20879824,75.88189985,76.50407738,77.05871578,77.57806035,78.10994168,78.63114189,79.19207207,79.78908448,80.44682079,81.12915569,81.8232973,82.52764439
Namibia,-22,17,0.62,"$5,880.80 ",0.33,0.23,0.17,1.02,0.72,2.48,0.14,1.6,0.36,4.76,0.02,6.88,4.4,1.43,2.305327406,2.345473648,2.377957949,2.405629851,2.432611838,2.462104483,2.494764907,2.530304024,2.569815011,2.614336382,2.664483961,2.72098653,2.783520995,2.850261755,2.918604623,2.986590387
Nauru,-0.53,166.92,,,,,,,,2.94,,,,,,0.19,-2.76,1.7,502.1,502.65,503.65,504.8,505.65,505.75,505.05,503.75,502.35,501.4,501.25,502.15,503.95,506.25,508.8,511.1
Nepal,28,84,0.54,$700.07 ,0.43,0.07,0.21,0.16,0,0.98,0.37,0.05,0.06,0.01,0.11,0.59,-0.38,0.56,165.6096617,168.4055877,171.0287339,173.483781,175.7804674,177.9340565,179.9396163,181.8180607,183.6427136,185.5086571,187.4845483,189.6005371,191.841751,194.1749634,196.5449878,198.9096617
Netherlands,52.5,5.75,0.92,"$53,589.90 ",0.76,0.58,0.38,3.23,0.16,5.28,0.45,0.04,0.08,0.43,0.17,1.17,-4.11,3.05,471.7272808,475.3015403,478.3450533,480.6072867,482.2801836,483.4084123,484.1854562,485.2398104,487.1324941,490.0796917,492.5998814,495.0496441,496.8849941,499.0921295,500.8912385,503.015147
New Caledonia,-21.5,165.5,,,0.68,0.62,0.18,1.78,0.32,3.58,0.07,0.31,1.94,5.35,0,7.67,4.09,2.07,11.66466083,11.88862144,12.11652079,12.30853392,12.4726477,12.63676149,12.85557987,13.01969365,13.23851204,13.40262582,13.6761488,13.89496718,14.16849015,14.38730853,14.66083151,14.93435449
New Zealand,-41,174,0.91,"$37,488.30 ",0.63,0.23,1.08,2.84,0.7,5.6,0.51,2.7,5.95,0.86,0.13,10.14,4.54,3.23,14.65079184,14.73738179,14.99563252,15.29451977,15.5235274,15.69974555,15.89229425,16.0411682,16.17788918,16.34043523,16.52310964,16.64957654,16.74110364,16.87022901,17.12696062,17.45357184
Nicaragua,13,-85,0.63,"$1,626.85 ",0.34,0.12,0.42,0.45,0.03,1.39,0.4,0.58,0.74,0.49,0.05,2.25,0.87,0.8,41.77158052,42.38615589,42.97603457,43.55057338,44.12251122,44.70107196,45.2901529,45.88764334,46.48931361,47.08820841,47.67925877,48.26148413,48.83691208,49.40706332,49.97434768,50.54040219
Niger,16,8,0.34,$410.91 ,0.67,0.48,0.26,0.1,0.02,1.56,0.65,0.51,0.05,0,0.03,1.24,-0.32,0.9,8.861232336,9.19105392,9.533426226,9.889259493,10.25973948,10.64611668,11.04881187,11.46888056,11.90899976,12.37245915,12.8617589,13.37845188,13.9226194,14.4934578,15.08938817,15.70941817
Nigeria,10,8,0.5,"$2,612.12 ",0.53,0.1,0.19,0.21,0.08,1.16,0.5,0.12,0.02,0.02,0.05,0.7,-0.47,0.67,134.9152069,138.360876,141.9088057,145.5707632,149.3607837,153.2893079,157.3591697,161.5693336,165.9207956,170.4131065,175.0439101,179.8156165,184.7232594,189.7477047,194.8636714,200.0526609
Norway,62,10,0.94,"$100,172.00 ",,,,,,4.98,,,,,,8.18,3.19,2.88,12.29576586,12.3581459,12.42497228,12.49806294,12.57213651,12.65805418,12.76041287,12.89313475,13.05483169,13.22051226,13.38622568,13.56100152,13.74029213,13.90744021,14.06516722,14.22585114
Oman,21,57,0.79,"$22,622.80 ",0.57,0.4,0.15,5.8,0.4,7.52,0.07,0.04,0,1.61,0.19,1.92,-5.6,4.34,7.235550889,7.342639742,7.506310178,7.706219709,7.91015832,8.09980937,8.250003231,8.380452342,8.569567044,8.924306947,9.511298869,10.37157674,11.45457835,12.6233021,13.68677544,14.50901777
Pakistan,30,70,0.53,"$1,218.60 ",0.27,0.01,0.08,0.38,0.02,0.79,0.26,0,0.01,0.04,0.03,0.35,-0.44,0.46,179.3411257,183.2737612,187.1518083,191.0174476,194.9304548,198.9367774,203.0461148,207.2536218,211.5724691,216.0141436,220.584161,225.2875259,230.1165577,235.0465001,240.0429198,245.0768913
Panama,9,-80,0.77,"$8,410.77 ",0.36,0.4,0.19,1.44,0.37,2.79,0.14,0.43,1.74,0.6,0.02,2.94,0.15,1.61,40.74187517,41.52390369,42.30196395,43.07924401,43.86078827,44.65026903,45.44794189,46.25232715,47.06320958,47.88002421,48.70199085,49.52890772,50.35998117,51.19293785,52.02495292,52.85365886
Papua New Guinea,-6,147,0.5,"$1,871.21 ",0.3,0.05,0.36,0.35,0.73,1.91,0.36,0.04,2.66,0.73,0.13,3.92,2.01,1.1,11.86691472,12.17337588,12.48351367,12.79771011,13.11674248,13.44103034,13.77060902,14.10473435,14.44213885,14.78116636,15.1206046,15.45990372,15.7992978,16.13934549,16.48098088,16.8248929
Paraguay,-23,-58,0.67,"$3,557.31 ",1.11,1.1,0.83,0.97,0.01,4.16,2.51,2.28,5.54,0.05,0.14,10.52,6.36,2.4,13.34684873,13.60841933,13.86512711,14.11514724,14.35625975,14.58719607,14.80693934,15.01676315,15.22056632,15.42372766,15.63019633,15.84133652,16.05628492,16.27402215,16.49262019,16.71060408
Peru,-10,-76,0.73,"$5,684.73 ",0.5,0.51,0.19,0.67,0.33,2.28,0.36,0.51,2.82,0.2,0.07,3.97,1.69,1.32,20.24599609,20.51668984,20.78239297,21.04510703,21.30717813,21.57062969,21.83590469,22.103725,22.3766,22.65747109,22.94815938,23.24991484,23.5615375,23.87926641,24.19777188,24.51302344
Philippines,13,122,0.66,"$2,379.44 ",0.36,0.03,0.09,0.34,0.23,1.1,0.32,0.02,0.09,0.07,0.05,0.54,-0.56,0.64,261.3685045,266.9770299,272.6443908,278.269893,283.7181775,288.9002012,293.7683167,298.3717611,302.8376933,307.347758,312.0330751,316.9374283,322.0220747,327.2350538,332.490492,337.7247711
Poland,52,20,0.84,"$13,769.50 ",0.84,0.04,0.78,2.64,0.05,4.44,1.05,0.07,0.77,0.11,0.09,2.08,-2.36,2.57,124.9098208,124.8753665,124.8175389,124.7536899,124.6440832,124.5893154,124.5144522,124.446853,124.4719523,124.5644606,124.2092007,124.2962969,124.3000588,124.2291107,124.1361647,124.0961889
Portugal,39.5,-8,0.83,"$23,217.30 ",1.03,0.25,0.09,2.15,0.31,3.88,0.47,0.06,0.85,0.07,0.05,1.51,-2.37,2.24,112.4579016,113.2537923,113.8757486,114.3040546,114.5777158,114.8281404,115.0353996,115.2614409,115.4277577,115.3864723,115.4394585,115.2697893,114.8034065,114.1626092,113.5487118,112.9765066
Qatar,25.5,51.25,0.85,"$99,431.50 ",0.57,0.27,0.15,9.57,0.19,10.8,0.01,0,0,1.17,0.06,1.24,-9.56,6.24,51.11567614,52.86132644,54.64151593,57.55081826,63.05736434,72.08647717,85.13763997,101.5465116,119.6349699,137.0500431,152.0683032,164.1203273,173.611025,180.9894918,187.085702,192.537037
Reunion,-21.1,55.6,,,0.14,0.01,0.15,3.27,0.09,3.65,0.14,0.01,0.04,0,0,0.18,-3.47,2.11,,,,,,,,,,,,,,,,
Romania,46,25,0.79,"$9,213.94 ",0.72,0.05,0.33,1.46,0.03,2.71,0.87,0.11,1.14,0.08,0.12,2.32,-0.39,1.56,97.70132341,96.34743807,94.53384957,93.82181344,93.26846957,92.70234368,92.15479607,90.83901866,89.33394954,88.53119621,88.01074114,87.53324934,87.20126511,86.87429031,86.5494892,86.21653263
Russian Federation,60,100,0.79,"$13,320.20 ",0.77,0.15,0.67,3.87,0.19,5.69,0.85,0.34,4.38,1.19,0.03,6.79,1.1,3.29,8.948996663,8.911609395,8.870433931,8.830256615,8.794642038,8.76107113,8.734387528,8.719462392,8.716094712,8.718719877,8.722634362,8.729437799,8.744141951,8.762780128,8.781871566,8.798800503
Rwanda,-2,30,0.48,$628.08 ,0.43,0.05,0.25,0.07,0.01,0.87,0.42,0.05,0.01,0.01,0.05,0.54,-0.32,0.5,325.1672071,337.6211188,346.130077,352.1065667,357.8822862,365.149169,374.1808269,384.3162951,395.2295906,406.3475476,417.2545197,427.9055128,438.4819619,449.0512769,459.7301986,470.5985407
Saint Kitts and Nevis,17.33,-62.75,0.74,"$12,952.50 ",0.51,0.18,0.09,3.34,0.81,4.94,0.06,0.01,0.17,0.38,0,0.62,-4.31,2.85,175.1692308,177.7538462,180.5192308,183.3884615,186.2461538,188.9961538,191.6076923,194.0961538,196.5115385,198.9115385,201.3538462,203.8384615,206.3461538,208.85,211.3230769,213.7384615
Saint Lucia,13.88,-61.13,0.73,"$7,737.20 ",0.38,0.1,0.17,1.56,0.23,2.45,0.1,0,0.1,0.14,0,0.34,-2.1,1.41,257.2934426,260.0819672,262.652459,265.1918033,267.9704918,271.1590164,274.8459016,278.9278689,283.1622951,287.2065574,290.8147541,293.8983607,296.5409836,298.8606557,301.057377,303.2770492
Saint Vincent and Grenadines,,,0.72,"$6,171.48 ",,,,,,3.11,,,,,,1.26,-1.85,1.79,276.6589744,276.8948718,277.3076923,277.8307692,278.3666667,278.8435897,279.2512821,279.6128205,279.9102564,280.1410256,280.2974359,280.3615385,280.3435897,280.325641,280.4102564,280.6717949
Samoa,-13.58,-172.33,0.7,"$4,067.15 ",0.97,0.16,0.27,0.96,0.42,2.77,0.69,0.01,1.17,0.06,0,1.93,-0.85,1.6,61.70106007,62.03780919,62.4,62.78339223,63.17809187,63.57879859,63.98303887,64.395053,64.81978799,65.26501767,65.73462898,66.23109541,66.74946996,67.27561837,67.78975265,68.27844523
Sao Tome and Principe,1,7,0.55,"$1,384.53 ",0.36,0.02,0.27,0.37,0.47,1.49,0.25,0,0.22,0.4,0,0.87,-0.61,0.86,142.8791667,145.8364583,149.046875,152.4552083,155.9708333,159.5270833,163.1083333,166.7333333,170.4114583,174.1625,178,181.9229167,185.9208333,189.9854167,194.10625,198.275
Saudi Arabia,25,45,0.83,"$23,593.80 ",0.74,0.27,0.27,4.21,0.08,5.61,0.09,0.12,0.07,0.18,0.04,0.5,-5.12,3.24,9.951329261,10.2377259,10.54482367,10.86570017,11.19025208,11.51106904,11.82495802,12.1336202,12.44032488,12.7504389,13.06730133,13.39190209,13.72107001,14.04902614,14.36790654,14.67205597
Senegal,14,-14,0.46,"$1,079.27 ",0.34,0.21,0.21,0.3,0.12,1.21,0.21,0.17,0.46,0.17,0.02,1.05,-0.16,0.7,51.21580014,52.55325404,53.96279541,55.43717862,56.96263439,58.53110684,60.13831611,61.79416195,63.52102529,65.34890147,67.29751727,69.37621669,71.57382226,73.86402639,76.20919857,78.58137953
Serbia,44,21,0.76,"$6,426.18 ",0.49,0.02,0.46,1.66,0.02,2.7,0.73,0.02,0.46,0,0.04,1.25,-1.44,1.56,85.94038418,85.79273954,85.71372056,85.53156872,85.33223188,85.076252,84.74238509,84.39948548,84.04095587,83.70463069,83.3688086,82.7132289,82.31279442,81.91324034,81.5295678,81.15992454
Sierra Leone,8.5,-11.5,0.4,$499.89 ,0.47,0.11,0.38,0.07,0.15,1.24,0.42,0.35,0.19,0.22,0.05,1.24,0,0.71,56.25809088,58.46769188,61.26564145,64.39042671,67.47668329,70.25867276,72.64081463,74.68977556,76.50094209,78.23765586,80.02080909,81.8635079,83.72342754,85.60347742,87.49829593,89.40404544
Singapore,1.37,103.8,0.91,"$53,122.40 ",0.67,0.24,0.91,5.91,0.22,7.97,0,0,0,0.01,0.03,0.05,-7.92,4.61,6011.771642,6176.137313,6186.592593,5989.557496,6047.407837,6191.236575,6342.024496,6602.300719,6913.422857,7125.104286,7231.811966,7363.193182,7524.6983,7636.721358,7736.526167,7828.857143
Slovakia,48.67,19.5,0.84,"$18,103.10 ",0.31,0.08,0.72,2.82,0.03,4.06,0.71,0.06,1.85,0,0.09,2.71,-1.35,2.35,112.0316008,111.8267568,111.7861123,111.6893369,111.6898129,111.7007692,111.7059044,111.7385031,111.8343659,112.006779,112.1088769,112.2605224,112.4517343,112.5726377,112.6819373,112.7942522
Slovenia,46,15,0.88,"$25,040.50 ",0.64,0.17,0.65,4.27,0.05,5.81,0.37,0.07,1.87,0,0.04,2.35,-3.47,3.36,98.75496524,98.91062562,99.03326713,99.09299901,99.15650447,99.32840119,99.64587885,100.2046673,100.3632572,101.2745283,101.7171301,101.9286495,102.1429494,102.2816783,102.3823237,102.4711023
Solomon Islands,-8,159,0.5,"$1,647.86 ",0.47,0.03,0.09,0,0.46,1.29,0.66,0.01,2.28,1.19,0.23,4.36,3.08,0.74,14.73154698,15.13165416,15.53744194,15.94683816,16.35730618,16.76691676,17.17456234,17.58038585,17.98535191,18.39110397,18.79874955,19.20857449,19.61993569,20.03161844,20.44197928,20.84998214
Somalia,10,49,,,0.16,0.43,0.52,0.07,0.01,1.24,0.09,0.56,0.22,0.33,0.06,1.27,0.03,0.71,11.77258903,12.13066758,12.47681162,12.81458858,13.15244365,13.49656964,13.84725827,14.2012545,14.5576386,14.91508114,15.2735582,15.63214525,15.99392674,16.36777027,16.76534096,17.19498836
South Africa,-29,24,0.66,"$8,089.87 ",0.44,0.11,0.29,2.34,0.08,3.31,0.35,0.58,0.02,0.17,0.04,1.15,-2.16,1.91,36.27101039,37.02094486,37.46473557,37.94774191,38.44818024,38.96665765,39.50381449,40.06032612,40.63690457,41.23430044,41.85330485,42.49475149,43.15951881,43.84853238,44.56276726,45.30325069
Spain,40,-4,0.87,"$32,008.70 ",0.78,0.15,0.17,2.22,0.32,3.67,0.72,0.1,0.34,0.06,0.04,1.25,-2.42,2.12,80.68780762,81.75399382,83.02251924,84.50881393,85.98480508,87.4654972,88.97614934,90.61490052,92.12932237,92.97506517,93.15193096,93.50783588,93.50683713,93.2009456,92.92273645,92.79756302
Sri Lanka,7,81,0.75,"$2,880.03 ",0.31,0.01,0.16,0.52,0.27,1.32,0.26,0.02,0.04,0.07,0.05,0.44,-0.88,0.77,297.4804656,299.7448573,302.0092489,304.3055334,306.6018179,308.9299952,311.274119,313.6341891,316.0102057,318.4021687,320.8100781,323.233934,325.6896827,328.1613778,331.2230904,334.3326423
Suriname,4,-56,0.71,"$8,190.70 ",0.43,0.06,0.52,3.01,0.14,4.25,0.3,0.03,81.52,7.39,0.09,89.33,85.08,2.46,3.081737179,3.103910256,3.117121795,3.125903846,3.136615385,3.153839744,3.179185897,3.211237179,3.247801282,3.285397436,3.321416667,3.355378205,3.388044872,3.419551282,3.450307692,3.480608974
Swaziland,-26.5,31.5,0.53,"$4,657.48 ",0.35,0.41,0.52,0.67,0.01,2.01,0.25,0.51,0.05,0,0.06,0.88,-1.14,1.16,61.84389535,62.48633721,62.91831395,63.25284884,63.6497093,64.22337209,65.01186047,65.97982558,67.07848837,68.22843023,69.36906977,70.49174419,71.61011628,72.71168605,73.7855814,74.82383721
Sweden,62,15,0.9,"$59,381.90 ",1.47,0.27,1.3,3.88,0.09,7.25,1.31,0.22,6.66,2.19,0.24,10.62,3.38,4.19,21.62136034,21.6794853,21.75015353,21.83123507,21.91726617,22.00509821,22.12922211,22.29393186,22.46828727,22.66051323,22.85452552,23.02776478,23.36960279,23.56846615,23.80348112,24.05575441
Switzerland,47,8,0.93,"$88,506.20 ",0.75,0.22,0.38,4.26,0.07,5.79,0.32,0.12,0.74,0.01,0.12,1.3,-4.48,3.34,181.7693047,182.9277636,184.3214665,185.6987677,186.9844383,188.1956324,189.385176,191.0901154,193.5336319,195.9669754,198.0187519,200.2327665,202.3702045,204.7106489,207.2236309,209.7119142
Syrian Arab Republic,35,38,0.62,,0.52,0.09,0.04,0.81,0.01,1.51,0.41,0.1,0.04,0,0.05,0.6,-0.91,0.87,88.98710415,90.83912286,92.4884155,94.25534615,96.26797952,98.77889633,101.9887818,105.7808593,109.4372522,111.9955946,112.8388716,111.6438872,108.7989762,105.2256875,102.2299243,100.759206
Tajikistan,39,71,0.62,$836.17 ,0.46,0.14,0.1,0.13,0,0.91,0.29,0.14,0.01,0.01,0.08,0.53,-0.38,0.52,44.19942841,44.94436268,45.77392112,46.67670049,47.63238068,48.62571449,49.65394398,50.7217848,51.82960846,52.9791369,54.1704487,55.40100743,56.66568305,57.95865962,59.27293512,60.60199343
"Tanzania, United Republic of",-6,35,0.51,$765.33 ,0.44,0.34,0.23,0.17,0.09,1.32,0.46,0.34,0.17,0.06,0.06,1.08,-0.24,0.76,38.37388801,39.39835403,40.47807632,41.61913299,42.82607135,44.10205464,45.45139648,46.87514563,48.36841725,49.9233608,51.53367013,53.19823662,54.9172601,56.68712689,58.50374915,60.36398736
Thailand,15,100,0.72,"$5,479.29 ",0.67,0.02,0.24,1.54,0.13,2.66,0.77,0.01,0.2,0.19,0.07,1.24,-1.42,1.54,122.7139345,124.1268649,125.5390965,126.8712521,128.020752,128.9200669,129.5278553,129.8783926,130.073509,130.2593455,130.5408679,130.9537435,131.4649533,132.0272896,132.5646989,133.0215095
Timor-Leste,,,0.6,"$5,167.86 ",0.25,0.07,0.04,0.06,0.02,0.48,0.21,0.06,0.52,0.94,0.04,1.78,1.3,0.28,56.97276395,58.22784129,60.17733692,62.50376597,64.73665098,65.85077337,66.98399462,68.13678547,69.30934768,70.50215198,71.71546738,75.34579691,77.266846,79.35904506,81.5135844,83.7266308
Togo,8,1.17,0.47,$580.86 ,0.34,0.1,0.27,0.31,0.08,1.13,0.34,0.12,0.03,0.02,0.02,0.53,-0.6,0.65,89.62557455,92.04307777,94.54714102,97.13634859,99.80790587,102.5596433,105.3902372,108.2995771,111.2876816,114.354863,117.500478,120.7240118,124.022449,127.3895753,130.8174848,134.3000184
Tonga,-20,-175,0.72,"$4,330.90 ",1.19,0.32,0.14,0.88,0.18,2.7,0.83,0.02,0.11,0.52,0,1.48,-1.22,1.56,135.9694444,136.7138889,137.5069444,138.3416667,139.2027778,140.0805556,140.9819444,141.9013889,142.8,143.6333333,144.3708333,144.9888889,145.5125,146.0263889,146.6472222,147.4583333
Trinidad and Tobago,11,-61,0.77,"$18,310.80 ",0.46,0.19,0.27,6.89,0.11,7.92,0.04,0.01,0.15,1.37,0,1.56,-6.36,4.57,247.1695906,248.0278752,249.0916179,250.3025341,251.5662768,252.8134503,254.0235867,255.2163743,256.4077973,257.6265107,258.8879142,260.1929825,261.5163743,262.8148148,264.0317739,265.1243665
Tunisia,34,9,0.72,"$4,305.07 ",0.76,0.09,0.28,1.11,0.06,2.34,0.53,0.08,0.05,0.24,0.04,0.93,-1.4,1.35,61.48622554,62.1176622,62.7503862,63.33547889,63.9315139,64.55329557,65.18988157,65.81552523,66.48365088,67.1961895,67.88813079,68.70365602,69.371138,70.07273429,70.78141092,71.49716787
Turkey,39,35,0.76,"$10,437.70 ",0.87,0.12,0.34,1.92,0.04,3.33,0.75,0.09,0.6,0.04,0.04,1.52,-1.81,1.92,82.1695581,83.3942206,84.61957824,85.83360966,87.02046568,88.17304029,89.26980627,90.32326183,91.40022738,92.59164404,93.95477827,95.52252641,97.25346855,99.03932929,100.7286462,102.2125307
Turkmenistan,40,60,0.68,"$5,290.14 ",0.73,0.44,0.08,4.13,0.01,5.47,0.6,1.96,0.02,0.13,0.09,2.79,-2.68,3.16,9.578913881,9.686042602,9.789057945,9.890911412,9.994841785,10.10328985,10.21767923,10.33820995,10.46441172,10.59510991,10.72924691,10.86687805,11.00789692,11.15078416,11.29357138,11.43468602
Uganda,1,32,0.48,$601.35 ,0.34,0.15,0.54,0.08,0.11,1.24,0.35,0.15,0.01,0.04,0.04,0.59,-0.66,0.72,118.9011361,122.7899905,126.8995245,131.2134528,135.7026275,140.3453931,145.1425104,150.1023873,155.2195936,160.4880887,165.3172601,170.8574806,176.5440854,182.3927139,188.4249501,194.6558099
Ukraine,49,32,0.74,"$3,589.63 ",0.62,0.01,0.16,1.92,0.06,2.84,1.5,0.12,0.43,0.15,0.07,2.27,-0.58,1.64,84.88107016,84.03187193,83.20243726,82.53003418,81.90630718,81.30268563,80.75764637,80.28127319,79.84913347,79.49544293,79.18024581,78.89611959,78.70140855,78.52240558,78.30370089,78.01940206
United Kingdom,54,-2,0.9,"$40,980.50 ",0.82,0.28,0.45,3.14,0.08,4.94,0.6,0.12,0.12,0.3,0.18,1.32,-3.62,2.85,243.4279089,244.366854,245.4035423,246.5489067,247.9556277,249.6639772,251.5058901,253.4719258,255.4747034,257.4144174,259.4401893,261.4761212,263.3005415,265.0693424,267.0737817,269.2441285
United Arab Emirates,24,54,0.83,"$40,817.40 ",0.8,0.19,0.38,6.37,0.19,7.93,0.02,0,0.07,0.47,0,0.56,-7.37,4.58,36.48478469,38.49120813,40.59880383,43.37078947,47.55915072,53.61215311,61.85711722,71.89114833,82.53758373,92.17013158,99.63460526,104.4823206,107.087823,108.1337081,108.6858732,109.5330502
United States of America,38,-97,0.91,"$49,725.00 ",1.13,0.3,0.67,5.9,0.12,8.22,1.49,0.28,1.57,0.33,0.09,3.76,-4.46,4.75,30.79730133,31.10362839,31.39354993,31.66453462,31.95894507,32.2548766,32.56739985,32.87861136,33.24368685,33.53639923,33.81793588,34.07724331,34.33783766,34.59198277,34.86309812,35.13764756
Uruguay,-33,-56,0.79,"$14,238.10 ",0.19,0.98,0.55,0.98,0.05,2.91,1.89,4.86,1.22,2.18,0.17,10.32,7.41,1.68,18.97635699,19.00985602,19.01365558,19.0014684,18.9926637,19.00130271,19.03234487,19.0821049,19.14542338,19.2135813,19.28016227,19.3441321,19.40779911,19.47188321,19.53785853,19.60664495
Uzbekistan,41,64,0.67,"$1,560.85 ",0.62,0.13,0.08,1.41,0,2.32,0.56,0.2,0.06,0.03,0.08,0.92,-1.4,1.34,57.94640339,58.68464974,59.40726375,60.10260931,60.80007052,61.51151857,62.26669017,63.15937941,64.18147626,65.27362482,67.14245416,68.96897038,69.99177245,71.093559,72.30300893,73.57663376
"Venezuela, Bolivarian Republic of",8,-66,0.763846,"$10,237.80 ",0.45,0.74,0.12,2.13,0.09,3.57,0.14,0.57,1.79,0.24,0.04,2.78,-0.79,2.06,27.75520322,28.27529392,28.79558188,29.31529165,29.83332351,30.34875007,30.86132079,31.37085086,31.87655575,32.37753755,32.87313077,33.36276968,33.84642367,34.32463579,34.79828468,35.26793606
Vietnam,16,106,0.66,"$1,532.31 ",0.5,0.01,0.19,0.79,0.05,1.65,0.55,0.01,0.17,0.16,0.1,1,-0.65,0.95,249.5688935,252.7258993,256.1188214,259.5136582,262.638759,265.7209662,268.6851356,271.6112491,274.5144645,277.4373529,280.3641113,283.3563389,286.4166156,289.4814074,292.6077982,295.751927
Wallis and Futuna Islands,-13.3,-176.2,,,,,,,,2.07,,,,,,1.51,-0.56,1.19,,,,,,,,,,,,,,,,
Yemen,15,48,0.5,"$1,302.30 ",0.34,0.14,0.04,0.42,0.04,1.03,0.09,0.12,0.04,0.2,0.04,0.5,-0.53,0.59,33.70498134,34.67296816,35.66887702,36.69528951,37.75141959,38.83626911,39.95297649,41.10291304,42.2802413,43.47638313,44.68430403,45.90211565,47.12917779,48.36111332,49.59311325,50.8214766
Zambia,-15,30,0.58,"$1,740.64 ",0.19,0.18,0.33,0.24,0.01,0.99,0.24,0.94,0.99,0.02,0.04,2.23,1.24,0.57,14.23912078,14.61041714,14.98537511,15.37013681,15.77319442,16.20090531,16.65546887,17.13592596,17.64158652,18.17060897,18.7215849,19.29475242,19.8907451,20.50886614,21.1481766,21.80788953
Zimbabwe,-20,30,0.49,$865.91 ,0.2,0.32,0.29,0.53,0.01,1.37,0.15,0.32,0.12,0.01,0.02,0.62,-0.75,0.79,32.31221662,32.58107277,32.80711128,33.02096937,33.26309422,33.56447719,33.93548404,34.37455861,34.88551635,35.4685201,36.12226186,36.85043815,37.651498,38.51128861,39.41024945,40.33281892
